"Ebola - West Africa  - Ebola Treatment Centres, Isolation Wards Hospitals and Transit Centres",,,,,,,,,,,,,,,,,,,,,,,,,,,,,,,,,,,,,,,,,,,,,,,,,,,,,,,
Short URL of this: http://goo.gl/pVb4GC,,,,,,,,,,,,,,,,,,,,,,,,,,,,,,,,,,,,,,,,,,,,,,,,,,,,,,,
This on GitHub as GeoJson: https://github.com/BrcMapsTeam/Ebola_2014_West_Africa_medical_centres/blob/master/Ebola_medical_centres_open_closed_pending.geojson,,,,,,,,,,,,Type Colour Key WHO (21 Oct 2014),,,,,,,,,,,,,,,,,,,,,,,,,,,,,,,,,,,,,,,,,,,
N.B. Not all health facilities may be recorded. Subject to update as more information becomes avaliable.,,,,,,,,,,,,,ETC is planned for this site but there is no Partner yet,,,,,,,,,,,,,,,,,,,,,,,,,,,,,,,,,,,,,,,,,,
Feedback to simon_b_johnson on skype,,,,,,,,,,,,,ETC is planned with a Partner identified,,,,,,,,,,,,,,,,,,,,,,,,,,,,,,,,,,,,,,,,,,
Last full update 05/11/2014,,,,,,,,,,,,,ETC is open,,,,,,,,OSM Colour Key,,,,,,,,,,,,,,,,,,,,,,,,,,,,,,,,,,
,,,,,,,,,,,,,No Information,,,,,,,,,Verified Coordinates,,,,,,,,,,,,,,,,,,,,,,,,,,,,,,,,,
,,,,,,,,,,,,Further Information,,,,,,,,,,County Centroid,,,,,,,,,,,,,,,,,,,,,,,,,,,,,,,,,
,,,,,,,,,,,,Triage,Includes referral and Isolation,,,,,,,,,Town Centroid,,,,Of Note - Week 35: No space at any treatment units in Liberia,,,,,,,,,,,,,,All data taken from Government SitReps,,,,,,,,,,,,,,,
,,,,,,,,,,,,ETC,"Treatment centre, some include isolation areas",,,,,,,,,,,,,Week 35 (25/8 - 31/8),,,,,,,Week 36 (01/09 - 07/09),,,,,,,Week 37 (08/09 - 14/09),,,,,,,Week 38 (15/09 - 21/09),,,,,,,,"N.B. Admissions, Deaths and Discharges will no loinger be updated"
,,,,,,,,,,,,,,,,,,,N.B. Subject to revision as more information becomes avaiable,,,,,,,Admissions,,,Deaths,,Discharge,,Admissions,,,Deaths: Recorded IN treatment centres (includes confirmed and suspected),,Discharge,,Admissions,,,Deaths: Recorded IN treatment centres (includes confirmed and suspected),,Discharge,,Admissions,,,Deaths: Recorded IN treatment centres (includes confirmed and suspected),,Discharge,,,
Status,"ID [left(B5,3)&left(E5,3)]",Country,Adm1,Adm1 P-Code,Adm2,Adm2 P-Code,Location,Centre Name,Primary Organisation,Secondary Organisation,Third Organisation,Type1,Type2,WHO Status (21/10/14),Capacity (Current total beds),Notes,Last updated,"Source (Capacity, Notes, Opening/ Closing)",Centre opening date,Centre closing date,OSM,Latitude,Longitude,Coordinates_Loc,Staff Numbers,New Admissions,Currently Admitted,Cumulative admission 20 May – 29 August 2014 ,New Deaths,Cumulative deaths,New Discharges,Cumulative Discharges,New Admissions,Currently Admitted,Cumulative admission,New Deaths,Cumulative deaths,New Discharges,Cumulative Discharges,New Admissions,Currently Admitted,Cumulative admission,New Deaths,Cumulative deaths,New Discharges,Cumulative Discharges,New Admissions,Currently Admitted,Cumulative admission,New Deaths,Cumulative deaths,New Discharges,Cumulative Discharges,,
#status,#loc_id,#country,#adm1,#adm1_id,#adm2,#adm2_id,#loc,#loc,#org,#org,#org,#loctype,#loctype,#status,#people_num,#x_notes,#report_date,#source_lnk,#from_date,#to_date,#loc_lnk,#lat_deg,#lon_deg,#x_verified,#people_num,,,,,,,,,,,,,,,,,,,,,,,,,,,,,,
Functional,LibTub,Liberia,Bomi,LR01,Senjeh,,Tubmanburg,Tubmanburg Government Hospital - Holding Centre,MOH Liberia,Bomi County Health Team,MSF,Triage,,,12,"Bomi County Health Team (CHT) opened three, two-room quarantine units with a 12-bed capacity for Ebola patients. There is a holding centre in Tubmanburg.",17/09/2014,https://www.internationalsos.com/ebola/index.cfm?content_id=396&language_id=ENG http://www.who.int/csr/disease/ebola/evd-sitrep1-20140828.pdf http://www.liberianewsagency.org/pagesnews.php?nid=2282,25/08/2014,-,http://www.openstreetmap.org/node/476645658,6.8687027,-10.8248146,town_centroid,,,5,,,,,,,6 (03/09/14),,,,,,,14 (11/09/14),,3 (11-12/09/14),,,,,11 (16/09/14),,,,,,,
Pending,LibTub2,Liberia,Bomi,LR01,Senjeh,,Tubmanburg,,IOM,,,ETC,,ETC is planned with a Partner identified,100,Construction finished 20 Oct 2014 (USA Site build). USG Supported.  Start at 10 beds increasing up to 100.Under construction. Construction ongoing as of 8 Oct,05/11/2014,"http://reliefweb.int/sites/reliefweb.int/files/resources/Regional%20Map.pdf; https://data.hdx.rwlabs.org/dataset/etc-overview-21-october; DoD; http://www.mohsw.gov.lr/documents/SITRep%20146%20Oct%208th,%202014.pdf; http://reliefweb.int/sites/reliefweb.int/files/resources/MA012_EbolaResponseUnits_v5-300dpi.pdf.pdf; http://reliefweb.int/sites/reliefweb.int/files/resources/www.mapaction.org__component_mapcat_mapdetail_index_2.pdf",N/A,N/A,http://www.openstreetmap.org/search?query=6.86734%09-10.83094#map=10/6.8673/-10.8309,6.86734,-10.83094,verified,,,,,,,,,,,,,,,,,,,,,,,,,,,,,,,
Functional,LibBon,Liberia,Bong,LR02,Suakoko,,Gbarnga,Bong County ETC,IMC,MOH Liberia,UNMIL,ETC,Triage,ETC is open,52,"Current 52, planned 55 beds - 31/10/14. Open. USG Supported. May expand later. Expected to open 08 September",05/11/2014,"http://reliefweb.int/sites/reliefweb.int/files/resources/Regional%20Map.pdf; https://data.hdx.rwlabs.org/dataset/etc-overview-21-october; DoD; http://reliefweb.int/sites/reliefweb.int/files/resources/Liberia%20Ebola%20Situation%20Report%2005.pdf; http://reliefweb.int/sites/reliefweb.int/files/resources/Liberia%20Ebola%20Situation%20Report%2006%20.pdf; WHO Foreign Medical Teams International Response; http://reliefweb.int/sites/reliefweb.int/files/resources/UNICEF%20Liberia%20Ebola%20Virus%20Disease%20Epidemic%20SitRep%20No.%2050,%205%20September%202014.pdf",15/09/2014,-,http://www.openstreetmap.org/search?query=7.00472%09-9.55500#map=13/7.0047/-9.5550,7.00472,-9.555,verified,,x,x,x,x,x,x,x,x,x,x,x,x,x,x,,,,,,,,,,,,,,,,
Functional,LibPhe,Liberia,Bong,LR02,Suakoko,,Suakoko,Phebe Hospital,No Partner Identified,,,ETC,Triage,,50,"A 7-bed Isolation Centre has been added to the Phebe Hospital in Suakoko.. The new 50 bed facility has been handed over to the County Authority and is awaiting admissions, as at 10 September. Hospital to ETC. As at 22 August, a new ETU is being constructed however it is not determined how the clinic services will be run",01/10/2014,https://www.internationalsos.com/ebola/index.cfm?content_id=396&language_id=ENG,10/09/2014,-,http://www.openstreetmap.org/node/2985105315#map=19/7.02794/-9.55329,7.02794,-9.55329,verified,,x,x,x,x,x,x,x,4 (05/09/14),11 (05/09/14),,1 (05/09/14),,,,,,,,,,,,,,,,,,,
Pending,,Liberia,Bong,LR02,,,,Bong 2 Totota,,,,ETC,,ETC is planned for this site but there is no Partner yet,100,Construction finished 27 Dec 2014. (USA Build). USG Supported,05/11/2014,http://reliefweb.int/sites/reliefweb.int/files/resources/Regional%20Map.pdf; https://data.hdx.rwlabs.org/dataset/etc-overview-21-october,N/A,N/A,http://www.openstreetmap.org/node/476624464,6.8098065,-9.9413504,town_centroid,,,,,,,,,,,,,,,,,,,,,,,,,,,,,,,
Pending,LibBop,Liberia,Gbarpolu,LR03,Bopolu,,Bopolu,,,,,ETC,,ETC is planned for this site but there is no Partner yet,100,Construction finished 13 Dec 2014 (USA Site build). USG Supported Planned. Location TBD,05/11/2014,http://reliefweb.int/sites/reliefweb.int/files/resources/Regional%20Map.pdf; https://data.hdx.rwlabs.org/dataset/etc-overview-status;https://data.hdx.rwlabs.org/dataset/etc-overview-21-october; DoD,N/A,N/A,http://www.openstreetmap.org/search?query=7.06667%09-10.48750#map=13/7.0667/-10.4875,7.06667,-10.4875,town_centroid,,,,,,,,,,,,,,,,,,,,,,,,,,,,,,,
Pending,LibBuc,Liberia,Grand Bassa,LR04,Neekreen,,Buchanan,Arcelor Mittal Hospital (India),IOM,,,ETC,,ETC is planned with a Partner identified,100,Construction finished 31 Oct 2014 (USA Ste build).Under construction. USG Supported Start with 10beds increasing to 100,05/11/2014,http://reliefweb.int/sites/reliefweb.int/files/resources/Regional%20Map.pdf; https://data.hdx.rwlabs.org/dataset/etc-overview-21-october; DoD; http://reliefweb.int/sites/reliefweb.int/files/resources/www.mapaction.org__component_mapcat_mapdetail_index_2.pdf,N/A,N/A,http://www.openstreetmap.org/search?query=5.87571%09-10.02004#map=13/5.8757/-10.0200,5.87571,-10.02004,verified,,,,,,,,,,,,,,,,,,,,,,,,,,,,,,,
Pending,LibSin,Liberia,Grand Cape Mount,LR05,Garwula,,Sinje,,IOM,,,ETC,,ETC is planned with a Partner identified,100,Construction finished 31 Oct 2014. Start at 10 beds increasing up to 100.Under construction. Built by UNMIL. USG Supported Ground breaking ceremony was held for the Holding center on 8 Oct.,05/11/2014,"http://reliefweb.int/sites/reliefweb.int/files/resources/Regional%20Map.pdf; https://data.hdx.rwlabs.org/dataset/etc-overview-21-october; DoD; http://www.mohsw.gov.lr/documents/SITRep%20146%20Oct%208th,%202014.pdf; http://reliefweb.int/sites/reliefweb.int/files/resources/MA012_EbolaResponseUnits_v5-300dpi.pdf.pdf; http://reliefweb.int/sites/reliefweb.int/files/resources/www.mapaction.org__component_mapcat_mapdetail_index_2.pdf",N/A,N/A,http://www.openstreetmap.org/search?query=6.81639%09-11.13895#map=19/6.81639/-11.13895,6.81639,-11.13895,verified,,,,,,,,,,,,,,,,,,,,,,,,,,,,,,,
Pending,LibRob,Liberia,Grand Cape Mount,LR05,,,Robertsport,,,,,ETC,,ETC is planned for this site but there is no Partner yet,100,Construction finished TBC (USA Site build),21/10/2014,https://data.hdx.rwlabs.org/dataset/etc-overview-21-october,N/A,N/A,http://www.openstreetmap.org/node/2924531712,6.75257,-11.36695,town_centroid,,,,,,,,,,,,,,,,,,,,,,,,,,,,,,,
Pending,Libzwe,Liberia,Grand Gedeh,LR06,Tchien,,Zwedru,,Partners in Health,,,ETC,,ETC is planned with a Partner identified,50,Construction finished 15 Nov 2014. Start with 10 beds increasing to 50. Planned. USG Supported. Site location TBD,05/11/2014,http://reliefweb.int/sites/reliefweb.int/files/resources/Regional%20Map.pdf; https://data.hdx.rwlabs.org/dataset/etc-overview-21-october; DoD; http://reliefweb.int/sites/reliefweb.int/files/resources/MA012_EbolaResponseUnits_v5-300dpi.pdf.pdf: http://reliefweb.int/sites/reliefweb.int/files/resources/www.mapaction.org__component_mapcat_mapdetail_index_2.pdf,N/A,N/A,http://www.openstreetmap.org/node/321350099,6.0685838,-8.1339058,town_centroid,,,,,,,,,,,,,,,,,,,,,,,,,,,,,,,
Pending,,Liberia,Grand Kru,LR07,Barclayville,,Barclayville,,,,,ETC,,ETC is planned for this site but there is no Partner yet,50,Construction finished 8 Dec 2014 (USA Site build). USG Supported. Start at 10 beds increasing to 50. Planned,05/11/2014,http://reliefweb.int/sites/reliefweb.int/files/resources/Regional%20Map.pdf; https://data.hdx.rwlabs.org/dataset/etc-overview-21-october; http://reliefweb.int/sites/reliefweb.int/files/resources/www.mapaction.org__component_mapcat_mapdetail_index_2.pdf,N/A,N/A,http://www.openstreetmap.org/node/3054906638,4.679722,-8.233889,town_centroid,,,,,,,,,,,,,,,,,,,,,,,,,,,,,,,
Functional,LibFoy,Liberia,Lofa,LR08,Foya,,Foya,Foya Case Management Centre (CMC Foya MSF),MSF,Samaritans Purse,,ETC,Triage,,30,Samaritan’s Purse assumed responsibility for the CMC in Foya from MSF on July 8. The facility has been expanded and can now serve a maximum of 30 patients. ,25/09/2014,http://reliefweb.int/sites/reliefweb.int/files/resources/Situation%20Report%20for%20ReliefWeb.pdf http://www.samaritans-purse.org.uk/battling-an-ebola-outbreak/,08/07/2014,-,http://www.openstreetmap.org/search?query=8.378911%20-10.205757#map=14/8.3789/-10.2058,8.378911,-10.205757,verified,,,74 (31/08/14),,26 (25-29/08/14 & 31/08/14),,53 (25-29/08/14 & 31/08/14),,,51 (07/09/2014),,26 (01-07/09/14),,26 (01-07/09/2014),,,22 (14/09/14),,12 (08/09/14 &10-14/09/14),,,,,30 (21/09/14),,19 (15-17 & 19 & 21/9/14),,,,,
Functional,LibBor,Liberia,Lofa,LR08,Foya,,Foya,Borma Hospital,MSF,,,ETC,Triage,ETC is open,40,"Current beds 40, planned beds 140 - 31/10/14. Borma Hospital Ebola Treatment Unit (ETU) being run by Medecins Sans Frontieres (MSF) has a capacity of 100 beds. Expansion to 80 beds underway",21/10/2014,https://data.hdx.rwlabs.org/dataset/etc-overview-21-october; https://www.internationalsos.com/ebola/index.cfm?content_id=396&language_id=ENG,15/08/2014,-,http://www.openstreetmap.org/search?query=8.35454%2C-10.20037#map=18/8.35454/-10.20037,8.35454,-10.20037,town_centroid,,,67,,,,,,,,,,,,,,,,,,,,,,,,,,,,
Functional,LibTel,Liberia,Lofa,LR08,Voinjama,,Vonjama,Telewowan Hospital,MSF,,,Triage,,,40,"Mid-Level Isolation Unit. Expansion to 40 beds, but no dates for completion set. The team will set up a referral unit so suspected Ebola patients can be isolated and transferred to the treatment center.",25/09/2014,https://www.internationalsos.com/ebola/index.cfm?content_id=396&language_id=ENG; WHO data,31/07/2014,-,http://www.openstreetmap.org/search?query=8.42277%09-9.7532264#map=14/8.4029/-9.7648,8.42277,-9.7532264,town_centroid,,,,,,,,,,,,,,,,,,,,,,,,,,,,,,,
Pending,LibVoi,Liberia,Lofa,LR08,Voinjama,,Vonjama,,,,,ETC,,ETC is planned for this site but there is no Partner yet,100,Construction finished 22 Nov 2014 (USA Site build). USG Supported. Start at 10 beds increasing up to 100. Planned. SIte surveyed,05/11/2014,http://reliefweb.int/sites/reliefweb.int/files/resources/Regional%20Map.pdf; https://data.hdx.rwlabs.org/dataset/etc-overview-21-october; DoD,N/A,N/A,http://www.openstreetmap.org/search?query=8.41264%09-9.76938#map=10/8.4126/-9.7694,8.41264,-9.76938,verified,,,,,,,,,,,,,,,,,,,,,,,,,,,,,,,
Pending,LibZor,Liberia,Lofa,LR08,Zorzor,,Zorzor,,,,,ETC,,ETC is planned for this site but there is no Partner yet,100,Construction finished 15 Nov 2014 (USA Site build). USG Supported. Start at 10 beds increasing up to 100 Planned. Site location TBD,05/11/2014,http://reliefweb.int/sites/reliefweb.int/files/resources/Regional%20Map.pdf; https://data.hdx.rwlabs.org/dataset/etc-overview-21-october; DoD; http://reliefweb.int/sites/reliefweb.int/files/resources/www.mapaction.org__component_mapcat_mapdetail_index_2.pdf,N/A,N/A,http://www.openstreetmap.org/node/2758160492,7.7787995,-9.4281657,town_centroid,,,,,,,,,,,,,,,,,,,,,,,,,,,,,,,
Functional,LibFir,Liberia,Margibi,LR09,Firestone,,Firestone,Firestone Medical Center,Firestone Company,,,ETC,,ETC is open,31,Liberia Ebola SitRep no. 123,21/10/2014,https://data.hdx.rwlabs.org/dataset/etc-overview-21-october; DoD; Liberia Ebola SitRep no. 123,?,-,http://www.openstreetmap.org/search?query=6.35306%09-10.46972#map=17/6.35306/-10.46972,6.35306,-10.46972,verified,,,,,,,,,,,,,,,,,,,,,,,,,,,,,,,
Pending,LibKak1,Liberia,Margibi,LR09,Kakata,,Kakata 1,,Save the Children (build),Heart to Heart (staffing),,ETC,,ETC is planned with a Partner identified,70,Construction finished 31 Oct 2014. 10 beds to start increasing up to 70  Under Construction. Save the Children is the constructing the ETU in Margibi County. Currently exploring possibility of Kakata as site,21/10/2014,https://data.hdx.rwlabs.org/dataset/etc-overview-21-october; DoD; http://reliefweb.int/sites/reliefweb.int/files/resources/MA012_Ebola_Treatment_Units_v4-300dpi.pdf.pdf; Liberia Ebola SitRep Sept 4.; WHO Foreign Medical Teams International Response,N/A,N/A,http://www.openstreetmap.org/search?query=6.56250%09-10.32194#map=19/6.56250/-10.32194,6.5625,-10.32194,verified,,x,x,x,x,x,x,x,x,x,x,x,x,x,x,x,x,x,x,x,x,x,,,,,,,,,
Pending,LibKak2,Liberia,Margibi,LR09,Kakata,,Kakata 2,,,,,ETC,,ETC is planned for this site but there is no Partner yet,100,Construction finished 27 Dec. Under Construction (USA Site build). USG Supported,05/11/2014,http://reliefweb.int/sites/reliefweb.int/files/resources/Regional%20Map.pdf; https://data.hdx.rwlabs.org/dataset/etc-overview-21-october; http://www.mapaction.org/deployments/mapdetail/index.php?option=com_mapcat&id=3545&view=download&fmt=pdf,N/A,N/A,http://www.openstreetmap.org/node/1848533186,6.532326,-10.3488074,town_centroid,,,,,,,,,,,,,,,,,,,,,,,,,,,,,,,
Pending,,Liberia,Margibi,LR09,,,,,US Department of Defence,,,ETC,,,25,The United States military has begun construction of a 25-bed hospital for infected healthcare workers.,30/09/2014,https://www.internationalsos.com/ebola/index.cfm?content_id=396&language_id=ENG,N/A,N/A,http://www.openstreetmap.org/node/2912811858,6.6053676,-10.1758429,county_centroid,,,,,,,,,,,,,,,,,,,,,,,,,,,,,,,
Pending,LibAir,Liberia,Margibi,LR09,Mambah Kaba,,Roberts International Airport,Airport JTFPO,US Department of Defence,,,ETC,,,,The proposed locations of the 10 Ebola Treatment Centres within Greater Monrovia that the US Department of Defense are looking to develop. Some sites will be multi-purpose (e.g. logistics & ETC),03/10/2014,http://www.mapaction.org/component/mapcat/mapdetail/index.php?option=com_mapcat&id=3532&view=download&fmt=pdf,N/A,N/A,http://www.openstreetmap.org/search?query=6.237896%2C%20-10.3563#map=18/6.23790/-10.35630,6.237896,-10.3563,verified,,,,,,,,,,,,,,,,,,,,,,,,,,,,,,,
Pending,LibEBK,Liberia,Margibi,LR09,Mambah Kaba,,,EBK Barracks,US Department of Defence,,,ETC,,,,The proposed locations of the 10 Ebola Treatment Centres within Greater Monrovia that the US Department of Defense are looking to develop. Some sites will be multi-purpose (e.g. logistics & ETC),03/10/2014,http://www.mapaction.org/component/mapcat/mapdetail/index.php?option=com_mapcat&id=3532&view=download&fmt=pdf,N/A,N/A,http://www.openstreetmap.org/search?query=6.209466%2C%20-10.565051#map=18/6.20947/-10.56505,6.209466,-10.565051,verified,,,,,,,,,,,,,,,,,,,,,,,,,,,,,,,
Pending,LibeMe,Liberia,Margibi,LR09,Mambah Kaba,,Roberts International Airport,eMed at Airport,US Department of Defence,,,ETC,,,,The proposed locations of the 10 Ebola Treatment Centres within Greater Monrovia that the US Department of Defense are looking to develop. Some sites will be multi-purpose (e.g. logistics & ETC),03/10/2014,http://www.mapaction.org/component/mapcat/mapdetail/index.php?option=com_mapcat&id=3532&view=download&fmt=pdf,N/A,N/A,http://www.openstreetmap.org/search?query=6.228494%2C%20-10.361782#map=18/6.22849/-10.36178,6.228494,-10.361782,verified,,,,,,,,,,,,,,,,,,,,,,,,,,,,,,,
Functional,LibPle,Liberia,Maryland,LR10,Pleebo,,Pleebo City,Pleebo Health Center,,,,Triage,,,,A holding center has been established at Pleebo Health Center in Pleebo City,06/10/2014,"http://www.mohsw.gov.lr/documents/Liberia%20Ebola%20SitRep%20no%20140%20Oct%202,%202014.pdf",02/10/2014,-,http://www.openstreetmap.org/node/476544399#map=19/4.58508/-7.67479,4.5850862,-7.6747874,town_centroid,,,,,,,,,,,,,,,,,,,,,,,,,,,,,,,
Pending,,Liberia,Maryland,LR10,,,Harper,,,,,ETC,,ETC is planned for this site but there is no Partner yet,50,Construction finished 01 Nov 2014. (USA Site build). USG Supported. Start at 10 beds increasing to 50. Planned. Location site TBD,05/11/2014,http://reliefweb.int/sites/reliefweb.int/files/resources/Regional%20Map.pdf; https://data.hdx.rwlabs.org/dataset/etc-overview-21-october; http://reliefweb.int/sites/reliefweb.int/files/resources/www.mapaction.org__component_mapcat_mapdetail_index_2.pdf,N/A,N/A,http://www.openstreetmap.org/node/1848575069,4.3760732,-7.7076917,town_centroid,,,,,,,,,,,,,,,,,,,,,,,,,,,,,,,
Pending,LibUni,Liberia,Montserrado,LR11,,,Banjao,Unity Convention Centre,,,,ETC,,ETC is planned for this site but there is no Partner yet,150,"Construction finished 29 Oct 2014 (APTM site build). Currently 50 beds, needs an additional 100 beds to reach maximum Planned. Site surveyed",21/10/2014,https://data.hdx.rwlabs.org/dataset/etc-overview-21-october; DoD,N/A,N/A,http://www.openstreetmap.org/way/142141782#map=19/6.38906/-10.79286,6.38906,-10.79286,verified,,,,,,,,,,,,,,,,,,,,,,,,,,,,,,,
Functional,LibELW1,Liberia,Montserrado,LR11,,,Monrovia,ELWA1 Hospital,Samaritans Purse,MSF,,ETC,,,60,"In Monrovia, an MSF emergency team is building a new tented treatment center with capacity for 40–60 beds. It is scheduled to open on July 27 and will also be run by Samaritan’s Purse. Plans to expand to 300 beds by 2nd September. An estimated 200 to 400 personnel are required to run the facility, the largest Ebola Treatment Unit.",29/08/2014,https://www.internationalsos.com/ebola/index.cfm?content_id=396&language_id=ENG http://www.doctorswithoutborders.org/our-work/medical-issues/ebola,27/07/2014,-,http://www.openstreetmap.org/node/2996153469#map=19/6.23938/-10.69651,6.2393809,-10.6965137,verified,,,,,,,,,,,,,,,,,,,,,,,,,,,,,,,
Functional,LibELW2,Liberia,Montserrado,LR11,,,Monrovia,ELWA2 Hospital,MOH Liberia,WHO,,ETC,,ETC is open,70,"Total beds existing 70. An estimated 200 to 400 personnel are required to run the facility, the largest Ebola Treatment Unit",21/10/2014,https://data.hdx.rwlabs.org/dataset/etc-overview-21-october; https://www.internationalsos.com/ebola/index.cfm?content_id=396&language_id=ENG; WHO data,17/07/2014,-,http://www.openstreetmap.org/search?query=6.23965%09-10.69600#map=17/6.23966/-10.69600,6.23965,-10.696,verified,,2,41,,1 (on day 26/8/14) +1 (on day 28/8/14),,6,,31 (01-06/09/14),51 (06/09/2014),,24 (01-06/09/14),,31 (01-06/19/14),,35 (08/09/14 & 10-12/09/14),53 (12/09/14),,8 (08/09/14 & 10-12/09/14),,12 (11-12/09/14),,,,,,,,,,
Functional,LibELW3,Liberia,Montserrado,LR11,,,Monrovia,ELWA3 Hospital,MSF,,,ETC,Triage,ETC is open,250,"Total planned beds: 400; 150 additional beds to be put in place to reach maximum. An estimated 200 to 400 personnel are required to run the facility, the largest Ebola Treatment Unit",21/10/2014,https://data.hdx.rwlabs.org/dataset/etc-overview-21-october: http://www.doctorswithoutborders.org/news-stories/field-news/liberia-msfs-new-ebola-management-centers-already-overwhelmed http://www.doctorswithoutborders.org/news-stories/field-news/msf-begins-admitting-patients-ebola-center-monrovia-liberia; WHO Foreign Medical Teams International Response; WHO data,17/08/2014,-,http://www.openstreetmap.org/search?query=6.24444%09-10.70028#map=17/6.24444/-10.70028,6.24444,-10.70028,verified,19 International; 250 National,0,>125 (Full),,16 (on day 28/8/14),,0,,87 (01-06/09/14),106 (07/09/2014),,58 (01-06/09/14),,39 (01-06/09/14),,49 (08/09/14 & 10-12/09/14),103 (12/09/14),,31 (08/09/14 & 11-12/09/14),,26 (08/09/14 & 10-12/09/14),,,,,,,,,,
Pending,LibELW4,Liberia,Montserrado,LR11,,,Monrovia,ELWA4 Hospital,,,,ETC,,,,Under construction,20/10/2014,DoD,N/A,N/A,http://www.openstreetmap.org/search?query=6.24306%09-10.69889#map=17/6.24306/-10.69889,6.24306,-10.69889,verified,,,,,,,,,,,,,,,,,,,,,,,,,,,,,,,
Functional,LibOni,Liberia,Montserrado,LR11,,,Monrovia,"Island Clinic (Oniyama Specialist Hospital), Location: Bushrod Island",MOH Liberia,WHO,,ETC,,ETC is open,150,"MoHSW and WHO plan to reduce the number of beds to 100—originally planned for 160—and increase the frequency of monitoring staff as measures to improve overall infection control. Patients transferred from Redmtion Hospital. A new 100-bed Ebola Treatment Unit on Bushrod Island, Duala will be functional by Week 37. A team of doctors from Uganda are likely to treat patients at this centre. 16th Sept expected opening",24/10/2014,http://reliefweb.int/sites/reliefweb.int/files/resources/10.22.14%20-%20USG%20West%20Africa%20Ebola%20Outbreak%20Fact%20Sheet%20%234%20FY%2015.pdf; https://data.hdx.rwlabs.org/dataset/etc-overview-21-october; https://www.internationalsos.com/ebola/index.cfm?content_id=396&language_id=ENG; WHO Foreign Medical Teams International Response; WHO data; USAID,21/09/2014,-,http://www.openstreetmap.org/node/3066992692,6.3843716,-10.7871135,verified,,x,x,x,x,x,x,x,x,x,x,x,x,x,x,,,,,,,,,,,,,,,,
CLOSED,LibJFK,Liberia,Montserrado,LR11,,,Monrovia,JFK Hospital,MOH Liberia,WHO,,ETC,Triage,ETC is closed,40,ETC CLOSED. The unit at JFK Hospital is now functioning as a full ETU. Was initially not intended as an Ebola treatment centre (closed 27/7/14). Re-established an interim isolation unit (9/8/14-28/8/14).,31/10/2014,https://data.hdx.rwlabs.org/dataset/etc-overview-21-october; https://www.internationalsos.com/ebola/index.cfm?content_id=396&language_id=ENG; WHO Foreign Medical Teams International Response,23/08/2014,30/10/2014,http://www.openstreetmap.org/way/94957267#map=18/6.28723/-10.77325,6.28723,-10.77325,verified,,17: At capacity - cannot accept any more patients,64 (32M/ 32F),,5 (on day 26/8/14) + 5 (on day 28/8/14),,0,,59 (01-07/09/14),56 (07/09/2014),,15 (01-07/09/14),,17 (01-07-09/14),,31 (08/09/14 & 10-12/09/14),60 (12/09/14),,13 (08/09/14 & 10-12/09/14),,0 (08/09/14 & 10-12/09/14),,,,,,,,,,
Pending,LibMoH,Liberia,Montserrado,LR11,,,Monrovia,Ministry of Health,,,,ETC,,,,Under construction,20/10/2014,DoD,N/A,N/A,http://www.openstreetmap.org/search?query=6.26472%09-10.71278#map=19/6.26472/-10.71278,6.26472,-10.71278,verified,,,,,,,,,,,,,,,,,,,,,,,,,,,,,,,
Functional,LibRed,Liberia,Montserrado,LR11,,,Monrovia,Redemption Hospital,MOH Liberia,,,Triage,,,TBC,There is a Holding Unit at Redemption Hospital,25/09/2014,https://www.internationalsos.com/ebola/index.cfm?content_id=396&language_id=ENG,31/08/2014,-,http://www.openstreetmap.org/node/3003566637,6.3697076,-10.7919744,verified,,,,,,,,,,,,,,,,,57 (12/09/14),,,,,,,,,,,,,,
Functional,LibWes,Liberia,Montserrado,LR11,,,Monrovia,West Point holding unit,MOH Liberia,,,Triage,,,30,A closed primary school originally built by USAID. Residents looted quarantine centre releasing patients 17 Aug. ,19/08/2014,https://www.internationalsos.com/ebola/index.cfm?content_id=396&language_id=ENG http://frontpageafricaonline.com/index.php/news/2682-west-point-runs-amok-why-was-ebola-isolation-unit-ransacked,08/07/2014,-,http://www.openstreetmap.org/search?query=west%20point%20montserrado#map=17/6.32552/-10.80584,6.32445,-10.8073,town_centroid,,,,,,,,,,0 (06/09/2014),,1 (04/09/14),,,,,,,,,,,,,,,,,,,
Functional,LibChi,Liberia,Montserrado,LR11,,,Monrovia,Childfund International,Childfund International,,,Triage,,,20,ChildFund International have opened an Interim Care Centre in Monrovia to house and care for children orphaned by Ebola. The centre has 20 beds and will monitor children during the 21-day quarantine period. Survivors of Ebola will work alongside medical staff to provide support and protection.,10/10/2014,https://www.internationalsos.com/ebola/index.cfm?content_id=396&language_id=ENG; http://blog.childfund.org/2014/10/childfund-opens-care-center-for-children-orphaned-by-ebola/,08/10/2014,-,http://www.openstreetmap.org/search?query=6.3279815%09-10.79777#map=14/6.3280/-10.7978,6.3279815,-10.79777,town_centroid,,,,,,,,,,,,,,,,,,,,,,,,,,,,,,,
Pending,LibATS,Liberia,Montserrado,LR11,,,Monrovia,ATS Stadium ,,,,ETC,,,,Planned,25/09/2014,http://reliefweb.int/sites/reliefweb.int/files/resources/MA002_T01C01P01_Monrovia-300dpi.pdf.pdf,N/A,N/A,http://www.openstreetmap.org/way/143040580#map=19/6.30892/-10.80411,6.30892,-10.80411,verified,,,,,,,,,,,,,,,,,,,,,,,,,,,,,,,
Pending,LibWFP,Liberia,Montserrado,LR11,,,Monrovia,WFP ETU,,,,ETC,,,,Under construction,25/09/2014,http://reliefweb.int/sites/reliefweb.int/files/resources/MA002_T01C01P01_Monrovia-300dpi.pdf.pdf,N/A,N/A,http://www.openstreetmap.org/search?query=6.26969%2C-10.73470#map=17/6.26969/-10.73470,6.26969,-10.7347,verified,,,,,,,,,,,,,,,,,,,,,,,,,,,,,,,
Pending,LibAFL,Liberia,Montserrado,LR11,,,,AFL/PAK Camp,US Department of Defence,,,ETC,,,,The proposed locations of the 10 Ebola Treatment Centres within Greater Monrovia that the US Department of Defense are looking to develop. Some sites will be multi-purpose (e.g. logistics & ETC),03/10/2014,http://www.mapaction.org/component/mapcat/mapdetail/index.php?option=com_mapcat&id=3532&view=download&fmt=pdf,N/A,N/A,http://www.openstreetmap.org/search?query=6.424114%2C%20-10.549386#map=11/6.4241/-10.5494,6.424114,-10.549386,verified,,,,,,,,,,,,,,,,,,,,,,,,,,,,,,,
Pending,LibBTC,Liberia,Montserrado,LR11,,,Monrovia,BTC Site for FP 300,US Department of Defence,,,ETC,,,,The proposed locations of the 10 Ebola Treatment Centres within Greater Monrovia that the US Department of Defense are looking to develop. Some sites will be multi-purpose (e.g. logistics & ETC),03/10/2014,http://www.mapaction.org/component/mapcat/mapdetail/index.php?option=com_mapcat&id=3532&view=download&fmt=pdf,N/A,N/A,http://www.openstreetmap.org/search?query=6.305482%2C%20-10.803725#map=18/6.30548/-10.80372,6.305482,-10.803725,verified,,,,,,,,,,,,,,,,,,,,,,,,,,,,,,,
Pending,LibCWF,Liberia,Montserrado,LR11,,,,Camp Ware Facilities,US Department of Defence,,,ETC,,,,The proposed locations of the 10 Ebola Treatment Centres within Greater Monrovia that the US Department of Defense are looking to develop. Some sites will be multi-purpose (e.g. logistics & ETC),03/10/2014,http://www.mapaction.org/component/mapcat/mapdetail/index.php?option=com_mapcat&id=3532&view=download&fmt=pdf,N/A,N/A,http://www.openstreetmap.org/search?query=6.425222%2C%20-10.550534#map=18/6.42522/-10.55053,6.425222,-10.550534,verified,,,,,,,,,,,,,,,,,,,,,,,,,,,,,,,
Pending,LibCWM,Liberia,Montserrado,LR11,,,,Camp Ware Main,US Department of Defence,,,ETC,,,,The proposed locations of the 10 Ebola Treatment Centres within Greater Monrovia that the US Department of Defense are looking to develop. Some sites will be multi-purpose (e.g. logistics & ETC),03/10/2014,http://www.mapaction.org/component/mapcat/mapdetail/index.php?option=com_mapcat&id=3532&view=download&fmt=pdf,N/A,N/A,http://www.openstreetmap.org/search?query=6.43012%2C%20-10.543521#map=18/6.43012/-10.54352,6.43012,-10.543521,verified,,,,,,,,,,,,,,,,,,,,,,,,,,,,,,,
Pending,LibSam,Liberia,Montserrado,LR11,,,Monrovia,Samuel K Stadium (SKD Stadium),IRC,AU FMT,,ETC,,ETC is planned with a Partner identified,100,"Construction finished 6 Nov 2014. 15 beds to start, increasing up to 100. The proposed locations of the 10 Ebola Treatment Centres within Greater Monrovia that the US Department of Defense are looking to develop. Some sites will be multi-purpose (e.g. logistics & ETC). Planned",21/10/2014,https://data.hdx.rwlabs.org/dataset/etc-overview-21-october; http://reliefweb.int/sites/reliefweb.int/files/resources/MA012_EbolaResponseUnits_v5-300dpi.pdf.pdf; http://www.mapaction.org/component/mapcat/mapdetail/index.php?option=com_mapcat&id=3532&view=download&fmt=pdf; WHO Foreign Medical Teams International Response,N/A,N/A,http://www.openstreetmap.org/search?query=6.256602%2C%20-10.701962#map=19/6.25660/-10.70196,6.256602,-10.701962,verified,,,,,,,,,,,,,,,,,,,,,,,,,,,,,,,
Pending,LibSaP,Liberia,Montserrado,LR11,,,Monrovia,Samuel K Stadium Parking Lot (SKD Stadium),IRC,AU FMT,,ETC,,ETC is planned with a Partner identified,100,Construction finished 6 Nov 2014. 15 beds to start increasing up to 100. The proposed locations of the 10 Ebola Treatment Centres within Greater Monrovia that the US Department of Defense are looking to develop. Some sites will be multi-purpose (e.g. logistics & ETC),21/10/2014,https://data.hdx.rwlabs.org/dataset/etc-overview-21-october: http://www.mapaction.org/component/mapcat/mapdetail/index.php?option=com_mapcat&id=3532&view=download&fmt=pdf,N/A,N/A,http://www.openstreetmap.org/search?query=6.256762%2C%20-10.703646#map=19/6.25676/-10.70364,6.256762,-10.703646,verified,,,,,,,,,,,,,,,,,,,,,,,,,,,,,,,
Pending,LibSpr,Liberia,Montserrado,LR11,,,Monrovia,Springgs Payne Airfield,US Department of Defence,,,ETC,,,,The proposed locations of the 10 Ebola Treatment Centres within Greater Monrovia that the US Department of Defense are looking to develop. Some sites will be multi-purpose (e.g. logistics & ETC),03/10/2014,http://www.mapaction.org/component/mapcat/mapdetail/index.php?option=com_mapcat&id=3532&view=download&fmt=pdf,N/A,N/A,http://www.openstreetmap.org/search?query=6.287109%2C%20-10.760994#map=19/6.28711/-10.76099,6.287109,-10.760994,verified,,,,,,,,,,,,,,,,,,,,,,,,,,,,,,,
Functional,LibOld,Liberia,Montserrado,LR11,,,Monrovia,"Monrovia, Congo Town - Old Ministry of Defence ETU 1",Cuba,African Union,,ETC,,ETC is planned with a Partner identified,100,The unit is run by the Ministry of Health with the assistance of medical staff deployed from Cuba and the African Union. Construction finished 17 Oct 2014.15 beds to start increasing up to 100. Construction of the ETU at Ministry of Defence compound has been finalised. Opening will be soon depending on the deployment of about 50 Cuban health workers. 15 beds to start increasing up to 100.  A 200-bed ETU is due to open soon after 20 October at the Ministry of Defense in Oldest Congo Town.,05/11/2014,http://reliefweb.int/sites/reliefweb.int/files/resources/Regional%20Map.pdf; http://reliefweb.int/sites/reliefweb.int/files/resources/SitRep%2013-19%20October%20Final.pdf; https://data.hdx.rwlabs.org/dataset/etc-overview-21-october; DoD; http://reliefweb.int/sites/reliefweb.int/files/resources/MA012_EbolaResponseUnits_v5-300dpi.pdf.pdf; https://www.internationalsos.com/ebola/index.cfm?content_id=396&language_id=ENGhttp://reliefweb.int/sites/reliefweb.int/files/resources/www.mapaction.org__component_mapcat_mapdetail_index_2.pdf,31/10/2014,-,http://www.openstreetmap.org/search?query=6.27028%09-10.73417#map=19/6.27028/-10.73417,6.27028,-10.73417,verified,,,,,,,,,,,,,,,,,,,,,,,,,,,,,,,
Functional,LibOld2,Liberia,Montserrado,LR11,,,Monrovia,"Monrovia, Congo Town - Old Ministry of Defence ETU 2",Cuba,African Union,,ETC,,ETC is planned with a Partner identified,100,The unit is run by the Ministry of Health with the assistance of medical staff deployed from Cuba and the African Union. Construction finished 25 Oct 2014. Start at 15 beds increasing up to 100,05/11/2014,http://reliefweb.int/sites/reliefweb.int/files/resources/Regional%20Map.pdf; https://data.hdx.rwlabs.org/dataset/etc-overview-21-october,31/10/2014,-,http://www.openstreetmap.org/search?query=6.27028%09-10.73417#map=19/6.27028/-10.73417,6.27028,-10.73417,verified,,,,,,,,,,,,,,,,,,,,,,,,,,,,,,,
Closed,LibStJ,Liberia,Montserrado,LR11,,,Monrovia,St Joseph's Hospital,Saint John of God,,,Hospital,,,141,"Not supposed to treat Ebola, but patients ended up in the wards",29/08/2014,http://www.npr.org/blogs/goatsandsoda/2014/08/12/339863749/ebola-shuts-down-the-oldest-hospital-in-liberia,-,12/08/2014,http://www.openstreetmap.org/way/295843164#map=19/6.27340/-10.75509,6.2734,-10.75509,verified,,x,x,x,x,x,x,x,x,x,x,x,x,x,x,x,x,x,x,x,x,x,,,,,,,,,
Functional,LibGan,Liberia,Nimba,LR12,,,Ganta City,Ganta Hospital,No Partner Identified,County Task Force,,ETC,Triage,,50,Open 18 Sept. Renovation of the holding facilties at Ganta Hospitals is underway as at 20 August.,25/09/2014,https://www.internationalsos.com/ebola/index.cfm?content_id=396&language_id=ENG http://www.who.int/csr/disease/ebola/evd-sitrep1-20140828.pdf; WHO data  (Nimba County),18/09/2014,-,http://www.openstreetmap.org/node/321350077#map=14/7.2203/-8.9813,7.2203,-8.9813,town_centroid,,x,x,x,x,x,x,x,,,,,,,,,,,,,,,,,,,,,,,
Functional,LibJFD,Liberia,Nimba,LR12,,,Tappita,JFD Hospital,,,,Hospital,Triage,,?,Holding centre. Difficult road conditions impede transfer of cases.,29/09/2014,"http://www.mohsw.gov.lr/documents/Liberia%20Ebola%20SitRep%20130%20Sept%2022,%202014.pptx%20New.pdf",?,-,http://www.openstreetmap.org/node/321350088,6.4934103,-8.8444476,town_centroid,,,,,,,,,,,,,,,,,,,,,,,,,,,,,,,
Pending,,Liberia,Nimba,LR12,,,Ganta,,Partners in Health,,,ETC,,ETC is planned with a Partner identified,100,Construction finished 31 Oct 2014 (USA Site Build). USG Support. 10 beds to start increasing up to 100. Planned. SIte surveyed,05/11/2014,http://reliefweb.int/sites/reliefweb.int/files/resources/Regional%20Map.pdf; https://data.hdx.rwlabs.org/dataset/etc-overview-21-october; DoD; http://reliefweb.int/sites/reliefweb.int/files/resources/MA012_EbolaResponseUnits_v5-300dpi.pdf.pdf,N/A,N/A,http://www.openstreetmap.org/search?query=7.24231%09-8.97900#map=14/7.2423/-8.9790,7.24231,-8.979,verified,,,,,,,,,,,,,,,,,,,,,,,,,,,,,,,
Pending,,Liberia,Nimba,LR12,,,Tappita,,,,,ETC,,ETC is planned for this site but there is no Partner yet,100,Construction finished 15 Nov 2014. USG Support. Start at 10 beds increasing up to 100. Planned. SIte surveyed,05/11/2014,http://reliefweb.int/sites/reliefweb.int/files/resources/Regional%20Map.pdf; https://data.hdx.rwlabs.org/dataset/etc-overview-21-october; http://reliefweb.int/sites/reliefweb.int/files/resources/MA012_EbolaResponseUnits_v5-300dpi.pdf.pdf,N/A,N/A,http://www.openstreetmap.org/search?query=6.50983%09-8.85999#map=10/6.5098/-8.8600,6.50983,-8.85999,verified,,,,,,,,,,,,,,,,,,,,,,,,,,,,,,,
Pending,LibGWH,Liberia,Nimba,LR12,,,Sanniquellie,G. W. Harley,No Partner Identified,,,ETC,Triage,,0,No partner currently identified. Renovation of the holding facilties at G. W. Harley and Ganta Hospitals is underway as at 20 August.,25/09/2014,https://www.internationalsos.com/ebola/index.cfm?content_id=396&language_id=ENG http://www.who.int/csr/disease/ebola/evd-sitrep1-20140828.pdf,N/A,N/A,http://www.openstreetmap.org/way/272471726#map=18/7.35261/-8.71733,7.35261,-8.71733,verified,,x,x,x,x,x,x,x,,,,,,,,,,,,,,,,,,,,,,,
Pending,,Liberia,River Gee,LR13,,,Fishtown,,,,,ETC,,ETC is planned for this site but there is no Partner yet,50,Construction finished 30 Nov 2014 (USA Site build). USG Supported. Start at 10 beds increasing up to 50. Planned,05/11/2014,http://reliefweb.int/sites/reliefweb.int/files/resources/Regional%20Map.pdf; https://data.hdx.rwlabs.org/dataset/etc-overview-21-october; http://reliefweb.int/sites/reliefweb.int/files/resources/www.mapaction.org__component_mapcat_mapdetail_index_2.pdf,N/A,N/A,http://www.openstreetmap.org/node/3060725618,5.1974297,-7.8755193,town_centroid,,,,,,,,,,,,,,,,,,,,,,,,,,,,,,,
Pending,,Liberia,Rivercess,LR14,,,Cestos City,,,,,ETC,,ETC is planned for this site but there is no Partner yet,50,Construction finished 8 Dec 2014 (USA site build). USG Supported. Start at 10 beds increasing to 50.Planned. Site location TBD,05/11/2014,http://reliefweb.int/sites/reliefweb.int/files/resources/Regional%20Map.pdfhttps://data.hdx.rwlabs.org/dataset/etc-overview-status: https://data.hdx.rwlabs.org/dataset/etc-overview-21-october; DoD; http://www.mapaction.org/deployments/mapdetail/index.php?option=com_mapcat&id=3545&view=download&fmt=pdf; http://reliefweb.int/sites/reliefweb.int/files/resources/www.mapaction.org__component_mapcat_mapdetail_index_2.pdf,N/A,N/A,http://www.openstreetmap.org/search?query=5.43694%09-9.56222#map=19/5.43694/-9.56222,5.43694,-9.56222,county_centroid,,,,,,,,,,,,,,,,,,,,,,,,,,,,,,,
Functional,LibFJG,Liberia,Sinoe,LR15,,,Greenville,F.J. Grante Hospital Temporary Holding Centre,,,,Holding Centre,,,?,"http://www.mohsw.gov.lr/documents/Liberia%20Ebola%20Sit%20Rep%20138%20Sept%2030,%202014.pptx%20New%20(1)%20(1).pdf; http://www.mohsw.gov.lr/documents/Liberia%20Ebola%20SitRep%20128%20Sept%2020,%202014.pdf",06/10/2014,"http://www.mohsw.gov.lr/documents/Liberia%20Ebola%20SitRep%20128%20Sept%2020,%202014.pdf",?,-,http://www.openstreetmap.org/node/2189929542,5.0110631,-9.0398036,town_centroid,,,,,,,,,,,,,,,,,,,,,,,,2 (20/09/14),,2 (20 & 21/09/14),,,,,
Pending,,Liberia,Sinoe,LR15,,,Greenville,,,,,ETC,,ETC is planned for this site but there is no Partner yet,50,Construction finished 30 Nov 2014 (USA Site build). USG Supported. Start with 10 beds increasing to 50. Planned. Site Location TBD,05/11/2014,http://reliefweb.int/sites/reliefweb.int/files/resources/Regional%20Map.pdf; https://data.hdx.rwlabs.org/dataset/etc-overview-21-october; DoD,N/A,N/A,http://www.openstreetmap.org/search?query=5.00956%09-9.03835#map=10/5.0102/-9.0390,5.00956,-9.03835,town_centroid,,,,,,,,,,,,,,,,,,,,,,,,,,,,,,,
Functional,GuiDon,Guinea,Conakry,GN02,Conakry,GN0201,,Donka Hospital,MSF,,,ETC,Triage,ETC is open,60,"Expantion underway. Media sources have reported a spike in Ebola cases at the Donka Ebola Treatment Centre in Conakry with a number of new arrivals, particularly from Coyah prefecture. Authorities are expanding the bed capacity and also training more health care workers to help cope with the increase. Public hospital",21/10/2014,https://www.internationalsos.com/ebola/index.cfm?content_id=395&language_id=ENG http://www.who.int/features/2014/ebola-healthcare-guinea/en/ http://www.msf.org/article/msf-strengthens-response-guinea-ebola-outbreak http://www.doctorswithoutborders.org/news-stories/field-news/msf-continues-ebola-response-guinea-and-liberia http://msf.fr/sites/msf.fr/files/images/Rubriques%20du%20site/Actualit%C3%A9s/ebola/140826_carte%20Ebola%20activites%20MSF.jpg; WHO data,01/04/2014,-,http://www.openstreetmap.org/node/1407326153,9.53564,-13.6832,verified,,38 (25-26 & 28-31),35 (31/08/14),362 (31/08/14),8 (25-31/08/14),56 (31/08/14),36 (25-26 & 28-31),,29 (01-07/09/14),22 (07/09/14),396 (07/09/14),1 (01-07/09/14),57 (07/09/14),39 (01-05/09/14 & 07/09/14),,16 (08-14/09/14),23 (14/09/14),436 (14/09/14),,60 (14/19/14),31 (08-14/04/14),,,20 (21/09/14),482 (21/09/14),,68 (21/09/14),,,,
Pending,GuiKol,Guinea,Conakry,GN02,Conakry,GN0201,,Koloma,,,,ETC,,,,A new site in Koloma is being cleared for the Donka Hospital facility to move to.,24/10/2014,https://www.internationalsos.com/ebola/index.cfm?content_id=395&language_id=ENG,N/A,N/A,,,,,,,,,,,,,,,,,,,,,,,,,,,,,,,,,,,
Functional,GuiDab,Guinea,Faranah,GN03,Dabola,GN0301,,Dabola,MSF,,,Triage,,,0,,25/09/2014,http://reliefweb.int/sites/reliefweb.int/files/resources/GIN_A4_L_140901_Ebola_3W_Reponse.pdf http://www.msf.ca/en/article/ebola-west-africa-epidemic-out-control; WHO Data,-,-,http://www.openstreetmap.org/node/2134625027#map=17/10.74207/-11.10646,10.74207,-11.10646,town_centroid,,,,,,,,,,,,,,,,,,,,,,,,,,,,,,,
Functional,GuiKiss,Guinea,Faranah,GN03,Kissidougou,GN0304,,Hôpital de Kissidougou,MSF,,,Triage,,,0,,25/09/2014,http://reliefweb.int/sites/reliefweb.int/files/resources/GIN_A4_L_140901_Ebola_3W_Reponse.pdf http://www.msf.ca/en/article/ebola-west-africa-epidemic-out-control; WHO Data,-,-,http://www.openstreetmap.org/node/2774629273#map=19/9.19844/-10.10352,9.19844,-10.10352,verified,,,,,,,,,,,,,,,,,,,,,,,,,,,,,,,
Functional,GuiKan,Guinea,Kankan,GN04,Kankan,GN0401,,,MSF,,,Triage,,,,,25/09/2014,WHO Data 10.09.14,?,-,http://www.openstreetmap.org/node/1717503541,10.3833686,-9.3047576,town_centroid,,,,,,,,,,,,,,,,,,,,,,,,,,,,,,,
Pending,GuiMBa,Guinea,Kankan,GN04,Kérouané,GN0402,,M’Balia,,,,ETC,,ETC is planned for this site but there is no Partner yet,70,Construction finished TBC,05/11/2014,http://reliefweb.int/sites/reliefweb.int/files/resources/Regional%20Map.pdf; https://data.hdx.rwlabs.org/dataset/etc-overview-21-october,N/A,N/A,http://www.openstreetmap.org/node/321620007#map=13/9.2706/-9.0076,9.2705687,-9.0076196,town_centroid,,,,,,,,,,,,,,,,,,,,,,,,,,,,,,,
Pending,GuiCoy,Guinea,Kindia,GN05,Coyah,GN0501,,Wonkifong Centre,MSF,Cuba (?),,ETC,Triage,ETC is planned with a Partner identified,70,Construction finished 01 Nov 2014,05/11/2014,http://reliefweb.int/sites/reliefweb.int/files/resources/Regional%20Map.pdf; WHO Data 10.09.14,?,-,http://www.openstreetmap.org/node/462036776,9.7090404,-13.388956,town_centroid,,,,,,,,,,,,,,,,,,,,,,,,,,,,,,,
Pending,,Guinea,Kinda,GN5,Forecariah,GN0503,,Forecariah,,,,Transit Centre,,,,Inaguarated 27 Oct 14,05/11/2014,http://reliefweb.int/sites/reliefweb.int/files/resources/UNICEF%20Guinea%20%20Ebola%20SitRep%2029%20October%202014.pdf,27/10/2014,-,http://www.openstreetmap.org/node/1848315485,9.4312135,-13.0918656,town_centroid,,,,,,,,,,,,,,,,,,,,,,,,,,,,,,,
Pending,,Guinea,Kinda,GN5,Forecariah,GN0503,,Forecariah,,,,ETC,,,,,05/11/2014,http://reliefweb.int/sites/reliefweb.int/files/resources/Regional%20Map.pdf,N/A,N/A,http://www.openstreetmap.org/node/1848315485,9.4312135,-13.0918656,town_centroid,,,,,,,,,,,,,,,,,,,,,,,,,,,,,,,
Closed,GuiTel,Guinea,Kindia,GN05,Telimélé,GN0506,,Telimélé Treatment Centre,MSF,,,ETC,,,21,"The situation has stabilized in some areas and MSF has closed its Ebola treatment center in Telimélé, in the west of the country, after no new cases were reported for 21 days",25/09/2014,http://www.msf.org/article/west-africa-msf-activities-ebola-outbreak,01/05/2014,07/07/2014,http://www.openstreetmap.org/node/321619917#map=14/10.9115/-13.0299,10.9115,-13.0299,town_centroid,,x,x,x,x,x,x,x,x,x,x,x,x,x,x,x,0,41,x,x,x,x,,,,,,,,,
Pending,,Guinea,Mamou,GN07,Dalaba,GN0701,,,,,,ETC,,ETC is planned for this site but there is no Partner yet,70,Construction finished TBC,21/10/2014,https://data.hdx.rwlabs.org/dataset/etc-overview-21-october,N/A,N/A,http://www.openstreetmap.org/node/2922826675,10.6913277,-12.2512595,town_centroid,,,,,,,,,,,,,,,,,,,,,,,,,,,,,,,
Pending,,Guinea,Mamou,GN07,Mamou,GN0702,,,,,,ETC,,ETC is planned for this site but there is no Partner yet,70,Construction finished TBC,21/10/2014,https://data.hdx.rwlabs.org/dataset/etc-overview-21-october,N/A,N/A,http://www.openstreetmap.org/node/2173041746#map=11/10.3741/-12.0836,10.3740744,-12.0835598,town_centroid,,,,,,,,,,,,,,,,,,,,,,,,,,,,,,,
Functional,GuiGui,Guinea,Nzerekore ,GN08,Guéckédou,GN0802,,Guinee Forestiere (CMC Gueckedou MSF),MSF,,,ETC,Triage,ETC is open,100,WHO deploy infection control specialist,21/10/2014,https://data.hdx.rwlabs.org/dataset/etc-overview-21-october; https://www.internationalsos.com/ebola/index.cfm?content_id=395&language_id=ENG http://www.doctorswithoutborders.org/news-stories/field-news/battling-ebola-outbreak-west-africa http://msf.fr/sites/msf.fr/files/images/Rubriques%20du%20site/Actualit%C3%A9s/ebola/140826_carte%20Ebola%20activites%20MSF.jpg; WHO Data,25/03/2014,-,http://www.openstreetmap.org/search?query=8.552229%09-10.120623#map=19/8.55223/-10.12062,8.552229,-10.120623,verified,,64 (25-26 & 28-31),60 (31/08/14),703 (31/08/14),13 (25-31/08/14),280 (31/08/14),52 (25-26 & 28-31),,87 (01-07/09/14),80 (07/09/14),774 (07/09/14),10 (01-07/09/14),289 (07/09/14),68 (01-05/09/14 & 07/09/14),,35 (08-14/09/14),70 (14/09/14),811 (14/09/14),,292 (14/04/14),57 (08-14/04/14),,,50 (21/09/14),869 (21/09/14),,295 (21/09/14),,,,
Functional,GuiMac,Guinea,Nzerekore ,GN08,Macenta,GN0804,,Macenta Transit Centre,MOH Guinea,WHO,,Transit Centre,,,25," Due to be upgraded to an Ebola Treatment Unit, by the French government. The MSF ETU was closed in July. Request to change to ETU. MSF is supporting the Ministry of Health by transferring Ebola patients by ambulance for case management in either Conakry or Guékédou. Patients are arriving from a wide area, including the region around Nzerekore",25/09/2014,https://www.internationalsos.com/ebola/index.cfm?content_id=395&language_id=ENG http://www.usaid.gov/ebola/fy14/fs01 http://news.xinhuanet.com/english/africa/2014-08/20/c_133571269.htm http://www.msf.org/article/guinea-successes-and-challenges-response-ebola-outbreak,31/03/2014,-,http://www.openstreetmap.org/node/1885664824#map=19/8.53688/-9.46481,8.53688,-9.46481,verified,,0,0 (31/08/14),0 (31/08/14),32 (25-31/08/14),95 (31/08/14),0,,32 (07/09/14),0 (07/09/14),32 (07/09/14),7 (01-07/09/14),142 (07/09/14),0 (01-07/09/14),,,,,,160 (14/04/14),,,,13 (21/09/14),13 (21/09/14),,,,,,
Pending,GuiNze,Guinea,Nzerekore ,GN08,Nzerekore ,GN0805,,Nzerekore Transit Centre,,,,Transit Centre,,,12,To be set up,17/09/2014,http://guineenews.org/fievre-ebola-les-dernieres-statistiques-selon-le-gouvernement/ WHO Data,N/A,N/A,http://www.openstreetmap.org/way/209124751#map=13/7.7621/-8.8143,7.7621,-8.8143,town_centroid,,x,x,x,x,x,x,x,,,,,,,,,,,,,,,,,,,,,,,
Pending,GuiNze,Guinea,Nzerekore ,GN08,Nzerekore ,GN0805,,Nzerekore ,Ailema (?),,,ETC,,ETC is planned with a Partner identified,40,Construction finished 01 Nov 2014,31/10/2014,https://data.hdx.rwlabs.org/dataset/etc-overview-status; https://data.hdx.rwlabs.org/dataset/etc-overview-21-october,N/A,N/A,http://www.openstreetmap.org/way/209124751#map=13/7.7621/-8.8143,7.7621,-8.8143,town_centroid,,,,,,,,,,,,,,,,,,,,,,,,,,,,,,,
Pending,,Guinea,Nzerekore ,GN08,Macenta,GN0804,,,Croix-Rouge française,MSF,,ETC,,ETC is planned with a Partner identified,50,Due to open 15 Nov 14. Opening Nov/Dec. Construction finished 31 Oct 2014.  Initially 20 beds scaled to 50 bed capacity. MSF construction with hand-over to French Red Cross,05/11/2014,http://reliefweb.int/sites/reliefweb.int/files/resources/MDR_Ebola_OU7_04.11.2014.pdf; https://data.hdx.rwlabs.org/dataset/etc-overview-21-october; https://www.internationalsos.com/ebola/index.cfm?content_id=395&language_id=ENG; http://www.croix-rouge.fr/Actualite/Ouverture-d-un-Centre-de-traitement-Ebola-CTE-en-Guinee-1808,15/11/2014,N/A,http://www.openstreetmap.org/relation/3401335,8.5,-9.4167,county_centroid,,,,,,,,,,,,,,,,,,,,,,,,,,,,,,,
Pending,,Guinea,Nzerekore ,GN08,Yomou,GN0806,,,,,,ETC,,ETC is planned for this site but there is no Partner yet,70,Construction finished TBC,21/10/2014,https://data.hdx.rwlabs.org/dataset/etc-overview-21-october,N/A,N/A,http://www.openstreetmap.org/node/2595412917#map=10/7.7484/-9.2422,7.5695786,-9.2594791,town_centroid,,,,,,,,,,,,,,,,,,,,,,,,,,,,,,,
Pending,,Guinea,Nzerekore ,GN08,Beyla,GN0801,,,,,,ETC,,ETC is planned for this site but there is no Partner yet,70,Construction finished TBC,21/10/2014,https://data.hdx.rwlabs.org/dataset/etc-overview-21-october,N/A,N/A,http://www.openstreetmap.org/node/2595412878,8.6898481,-8.648345,town_centroid,,,,,,,,,,,,,,,,,,,,,,,,,,,,,,,
Pending,GuiYom,Guinea,Nzerekore ,GN08,Yomou,GN0806,,Yomou Transit Centre,N/A,,,Transit Centre,,,12,To be set up,17/09/2014,http://guineenews.org/fievre-ebola-les-dernieres-statistiques-selon-le-gouvernement/,N/A,N/A,http://www.openstreetmap.org/node/2595412917,7.5695786,-9.2597491,town_centroid,,x,x,x,x,x,x,x,,,,,,,,,,,,,,,,,,,,,,,
Functional,SieKai,Sierra Leone,Eastern,SL01,Kailahun,SL0101,Kailahun,CMC Kailahun MSF,MSF,,,ETC,Triage,ETC is open,72,"MSF treatment centre, concidering expanding to 100 beds",31/10/2014,https://data.hdx.rwlabs.org/dataset/etc-overview-status; https://data.hdx.rwlabs.org/dataset/etc-overview-21-october; https://www.internationalsos.com/ebola/index.cfm?content_id=397&language_id=ENG,24/06/2014,-,http://www.openstreetmap.org/search?query=8.297871%09-10.556686#map=19/8.29787/-10.55669,8.297871,-10.556686,verified,,0 (26-30/08/14),35,294 (30/08/14),,180 (30/08/14),0 (26-30/08/14),69 (30/08/14),,53 (06/09/14),418 (06/09/14),,181 (06/09/14),,70 (06/09/14),48 (08-14/09/14),46 (14/09/14),514 (14/09/14),10 (08-14/09/14),190 (14/09/14),25 (08-14/09/14),95 (14/4/14),68 (15-21/09/14),45 (21/09/14),623 (21/09/14),23 (15-21/09/14),213 (21/09/14),26 (15-21/09/14),111 (21/09/14),,
Functional,SieBue,Sierra Leone,Eastern,SL01,Kailahun,SL0101,Kailahun,Buedu,MSF,,,Triage,,,0,Referral site.If patients are determined to have Ebola they are then transferred to the isolation facility.,25/09/2014,https://www.internationalsos.com/ebola/index.cfm?content_id=397&language_id=ENG http://www.doctorswithoutborders.org/news-stories/field-news/battling-ebola-outbreak-west-africa,24/06/2014,-,http://www.openstreetmap.org/node/1660977014,8.2797087,-10.3714952,town_centroid,,,,,,,,,,,,,,,,,,,,,,,,,,,,,,,
Functional,SieDar,Sierra Leone,Eastern,SL01,Kailahun,SL0101,Kailahun,Daru,MSF,,,Triage,,,0,,17/09/2014,WHO Data,24/06/2014,-,http://www.openstreetmap.org/search?query=7.991518%2C%20-10.845919#map=12/7.9916/-10.8459,7.991518,-10.845919,town_centroid,,,,,,,,,,,,,,,,,,,,,,,,,,,,,,,
Functional,SieKoi,Sierra Leone,Eastern,SL01,Kailahun,SL0101,Kailahun,Koindu,MSF,,,Triage,,,0,Referral site.If patients are determined to have Ebola they are then transferred to the isolation facility.,25/09/2014,https://www.internationalsos.com/ebola/index.cfm?content_id=397&language_id=ENG http://www.natureworldnews.com/articles/7545/20140612/ebola-surges-sierra-leone-state-emergency-declared.htm,24/06/2014,-,http://www.openstreetmap.org/search?query=8.4616449%09-10.3363192#map=9/8.4615/-10.3354,8.4616449,-10.3363192,county_centroid,,,,,,,,,,,,,,,,,,,,,,,,,,,,,,,
Functional,SieKen1,Sierra Leone,Eastern,SL01,Kenema,SL0102,Kenema,Kenema Government Hospital (KGH),MOH Sierra Leone,WHO,,ETC,Triage,,100,Expected to increase to 100 beds. To be re-located outside the township of Kenema,25/09/2014,https://www.internationalsos.com/ebola/index.cfm?content_id=397&language_id=ENG; WHO Foreign Medical Teams International Response; WHO Data,01/04/2014,-,http://www.openstreetmap.org/node/2959065474,7.87517,-11.18473,verified,,14 (26-30/08/14),64 (30/08/14),395 (30/0814),,173 (30/08/14),0 (26-30/08/14),175 (30/08/14),,67 (06/09/14),426 (06/09/14),,201 (06/09/14),,199 (06/09/14),37 (08-14/09/14),58 (14/09/14),463 (14/09/14),33 (08-14/09/14),234 (14/09/14),30 (08-14/09/14),229 (14/09/14),36 (15-21/09/14),40 (21/09/14),499 (21/09/14),8 (15-21/09/14),242 (21/09/14),42 (15-21/09/14),271 (21/09/14),,
Functional,SieKen2,Sierra Leone,Eastern,SL01,Kenema,SL0102,Kenema,Rural Kenema Field Hospital ETC,IFRC,MOH Sierra Leone,,ETC,,ETC is open,25,"Current: 25; planned 60 (31/10/14). Tented Structure. 2-5 beds to start, scale up to 60 later (will increase gradually by 10 patients per week) The IFRC is establishing the new facility (on 22 August, was expected to be functional ""soon""). Plan to open 10 Sept. The isolation facility in Kenema Government Hospital, is to be re-located outside the township of Kenema, a few miles from Hanga. All new cases will be treated at the centre in Kailahun until the new centre is ready.",31/10/2014,https://data.hdx.rwlabs.org/dataset/etc-overview-status; https://data.hdx.rwlabs.org/dataset/etc-overview-21-october; https://www.internationalsos.com/ebola/index.cfm?content_id=397&language_id=ENG;  WHO Foreign Medical Teams International Response,15/09/2014,-,http://www.openstreetmap.org/search?query=%208.005088%2C%20-11.115603#map=12/8.0052/-11.1158,8.005088,-11.115603,verified,19 international workers and 80 national employees,x,x,x,x,x,x,x,x,x,x,x,x,x,x,,,,,,,,20 (15-21/09/14),14 (21/09/14),16 (21/09/14),2 (15-21/09/14),2 (21/09/2014),0 (15-21/09/14),0 (21/09/2014),,
Pending,SieKoi,Sierra Leone,Eastern,SL01,Kono,SL0103,Kono,Koidu Town,Wellbody,Parners in Health,,ETC,,ETC is planned with a Partner identified,50,Construction finished 30 Nov (UK build and setup),31/10/2014,https://data.hdx.rwlabs.org/dataset/etc-overview-21-october,N/A,N/A,http://www.openstreetmap.org/node/314007819,8.6422812,-10.9716307,town_centroid,,,,,,,,,,,,,,,,,,,,,,,,,,,,,,,
Functional,SieAra,Sierra Leone,Northern,SL02,Bombali,SL0201,,Arab Hospital,,,,Holding Centre,,,TBC,"Holding centres at Paramedical School, Arab Hospital and Regional Government Hospital have been receiving patients since 21 September.",25/09/2014,https://www.internationalsos.com/ebola/index.cfm?content_id=397&language_id=ENG,21/09/2014,-,http://www.openstreetmap.org/relation/3230900,9.323289,-12.1955,town_centroid,,,,,,,,,,,,,,,,,,,,,,,,,,,,,,,
Functional,SiePar,Sierra Leone,Northern,SL02,Bombali,SL0201,,Paramedical School,,,,Holding Centre,,,TBC,"Holding centres at Paramedical School, Arab Hospital and Regional Government Hospital have been receiving patients since 21 September.",25/09/2014,https://www.internationalsos.com/ebola/index.cfm?content_id=397&language_id=ENG,21/09/2014,-,http://www.openstreetmap.org/relation/3230900,9.323289,-12.1955,town_centroid,,,,,,,,,,,,,,,,,,,,,,,,,,,,,,,
Functional,SieReg,Sierra Leone,Northern,SL02,Bombali,SL0201,,Regional Government Hospital,,,,Holding Centre,,,TBC,"Holding centres at Paramedical School, Arab Hospital and Regional Government Hospital have been receiving patients since 21 September.",25/09/2014,https://www.internationalsos.com/ebola/index.cfm?content_id=397&language_id=ENG,21/09/2014,-,http://www.openstreetmap.org/relation/3230900,9.323289,-12.1955,town_centroid,,,,,,,,,,,,,,,,,,,,,,,,,,,,,,,
Pending,SieMak,Sierra Leone,Northern,SL02,Bombali,SL0201,Makeni,,Addax Bio Energy Sierra Leone,IOM,,ETC,Triage,ETC is planned with a Partner identified,100,Projected opening - Nov. Construction finished 30 Nov 2014 (UK Site build)A holding centre is under construction with assistance from Addax Bio Energy Sierra Leone and is expected to be finished in the first week of October.,05/11/2014,http://reliefweb.int/sites/reliefweb.int/files/resources/Regional%20Map.pdf; https://data.hdx.rwlabs.org/dataset/etc-overview-21-october; WHO Data,01/10/2014,-,http://www.openstreetmap.org/search?query=8.8882804%09-12.0439135#map=9/8.8878/-12.0438,8.8882804,-12.0439135,town_centroid,,,,,,,,,,,,,,,,,,,,,,,,,,,,,,,
Functional,SieStJ,Sierra Leone,Northern,SL02,Port Loko,SL0204,,Port Loko Hospital,,,,ETC,Holding Centre,ETC is open,20,A holding centre has been established and as at 12 September is expected to be operational anytime,31/10/2014,https://data.hdx.rwlabs.org/dataset/etc-overview-21-october; https://www.internationalsos.com/ebola/index.cfm?content_id=397&language_id=ENG,12/09/2014,-,http://www.openstreetmap.org/way/307587088#map=19/8.76574/-12.78503,8.76574,-12.78503,verified,,,,,,,,,,,,,,,,,,,,,,,,,,,,,,,
Pending,SieRub,Sierra Leone,Northern,SL02,Port Loko,SL0204,Gbom Samba Town/ Lunsar,Lunsar ETU,IMC,No Partner Identified,,ETC,,ETC is planned with a Partner identified,130,Construction finished 21 Oct 2014. Start with 40 beds increasing to 130. Land clearing 27 Sept. Projected openeing 24 Oct (as of 01/10/2014). Newly decided site to be set up (this replaces the previously planned sites at Bombali/Makeni and Port Loko); will take approx. 3 months before ready – projected opening date of 06 Dec. IMC will be in charge of 50 beds; still need a partner for other 50 beds,21/10/2014,https://data.hdx.rwlabs.org/dataset/etc-overview-21-october; http://reliefweb.int/sites/reliefweb.int/files/resources/Sierra%20Leone%20Ebola%20Situation%20Report%2004.pdf; WHO Foreign Medical Teams International Response; http://reliefweb.int/sites/reliefweb.int/files/resources/West%20Africa%20Ebola%20Situation%20Report%2001.pdf,06/12/2014,N/A,http://www.openstreetmap.org/node/543447056,8.6868342,-12.543584,town_centroid,,x,x,x,x,x,x,x,x,x,x,x,x,x,x,,,,,,,,,,,,,,,,
Pending,,Sierra Leone,Northern,SL02,Port Loko,SL0204,,,GOAL,,,ETC,,ETC is planned with a Partner identified,100,Projected openig - Nov. GOAL will staff and manage this facility. Construction finished 30 Nov,05/11/2014,http://reliefweb.int/report/sierra-leone/escalation-cases-port-loko-sl-worrying-trend; http://reliefweb.int/sites/reliefweb.int/files/resources/Regional%20Map.pdf; https://data.hdx.rwlabs.org/dataset/etc-overview-21-october,N/A,N/A,http://www.openstreetmap.org/node/2992144243#map=10/8.2910/-12.8444,8.7638892,-12.7799027,county_centroid,,,,,,,,,,,,,,,,,,,,,,,,,,,,,,,
Functional,SieBo,Sierra Leone,Southern,SL03,Bo,SL0301,Bo,Bo Town SLRA,MSF,,,ETC,,ETC is open,35,Planned beds 65. Current beds 35 Gradually increasing. MSF is constructing a 35-bed isolation centre. Will start with a few beds and slowly scale up to 35 (will gradually expand up to 70 beds),31/10/2014,https://data.hdx.rwlabs.org/dataset/etc-overview-status; https://data.hdx.rwlabs.org/dataset/etc-overview-21-october; http://reliefweb.int/report/sierra-leone/tent-city-cassava-field-msfs-newest-ebola-treatment-center-sierra-leone: https://www.internationalsos.com/ebola/index.cfm?content_id=397&language_id=ENG; WHO Data; http://reliefweb.int/report/liberia/msf-operational-update-west-africa-ebola-response,19/09/2014,-,http://www.openstreetmap.org/search?query=7.9620299%09-11.7364775#map=9/7.9613/-11.7361,7.9620299,-11.7364775,county_centroid,,,,,,,,,,,,,,,,,,,,,,,,,,,,,,,
Functional,SieGon,Sierra Leone,Southern,SL03,Bo,SL0301,Gondama,Gondama Referral Center,MSF,,,Triage,,,10,Transit Centre,25/09/2014,https://www.internationalsos.com/ebola/index.cfm?content_id=397&language_id=ENG http://www.doctorswithoutborders.org/news-stories/field-news/response-west-africa-ebola-epidemic-remains-dangerously-inadequate; WHO Data,15/08/2014,-,http://www.openstreetmap.org/node/2089687982#map=19/7.86568/-11.70837,7.86568,-11.70837,town_centroid,,,,,,,,,,,,,,,,,,,,,,,,,,,,,,,
Pending,SieBoG,Sierra Leone,Southern,SL03,Bo,SL0301,Bo,Bo Government Hospital,,,,Triage,,,TBC,An isolation ward is being constructed at Bo Government Hospital.,06/10/2014,https://www.internationalsos.com/ebola/index.cfm?content_id=397&language_id=ENG,N/A,N/A,http://www.openstreetmap.org/node/1795616947,7.963986,-11.7418008,verified,,,,,,,,,,,,,,,,,,,,,,,,,,,,,,,
Pending,,Sierra Leone,Southern,Sl03,Moyamba,SL0303,,,,,,ETC,,ETC is planned with a Partner identified,100,The UK is establishing a treatment facility,05/11/2014,InternationalSOS: https://data.hdx.rwlabs.org/dataset/etc-overview-21-october,N/A,N/A,http://www.openstreetmap.org/node/2992144242#map=7/8.163/-12.437,8.159153,-12.4314374,county_centroid,,,,,,,,,,,,,,,,,,,,,,,,,,,,,,,
Functional,SieHas,Sierra Leone,Western,SL04,Western Area Rural,SL0401,Hastings,Hasting Police Centre (Police Training School),MOH Sierra Leone,,,ETC,Triage,ETC is open,120,"Current beds 120 - 30/10/14 [Current beds 60, Planned beds: 100] - 21/10/14. Newton and Hasting police (50-bed) isolation centres are open",21/10/2014,https://data.hdx.rwlabs.org/dataset/etc-overview-status; https://data.hdx.rwlabs.org/dataset/etc-overview-21-october; https://www.internationalsos.com/ebola/index.cfm?content_id=397&language_id=ENG; http://health.gov.sl/wp-content/uploads/2014/09/Ebola-Situation-Report_Vol-116.pdf,25/09/2014,-,http://www.openstreetmap.org/node/391778904#map=19/8.38730/-13.13872,8.387303,-13.1387201,town_centroid,,,,,,,,,,,,,,,,,,,,,,,,,,,,,,,
Functional,SieNew,Sierra Leone,Western,SL04,Western Area Rural,SL0401,Newton,Newton Police Centre,,,,Holding Centre,,,16,Newton and Hasting police (50-bed) isolation centres are open,05/11/2014,http://health.gov.sl/wp-content/uploads/2014/10/Ebola-Situation-Report_Vol-156.pdf; http://health.gov.sl/wp-content/uploads/2014/10/Ebola-Situation-Report_Vol-148.pdf; https://www.internationalsos.com/ebola/index.cfm?content_id=397&language_id=ENG,25/09/2014,-,http://www.openstreetmap.org/node/626927447#map=19/8.33625/-13.00714,8.3362545,-13.0071441,town_centroid,,,,,,,,,,,,,,,,,,,,,,,,,,,,,,,
Functional,SieRok,Sierra Leone,Western,SL04,Western Area Rural,SL0401,Rokupa,Rokupa Hospital,,,,Holding Centre,,,7,Open,05/11/2014,http://health.gov.sl/wp-content/uploads/2014/10/Ebola-Situation-Report_Vol-156.pdf; http://health.gov.sl/wp-content/uploads/2014/10/Ebola-Situation-Report_Vol-148.pdf; http://health.gov.sl/wp-content/uploads/2014/10/Ebola-Situation-Report_Vol-130.pdf,?,-,http://www.openstreetmap.org/node/3065143470,8.459444,-13.174167,town_centroid,,,,,,,,,,,,,,,,,,,,,,,,,,,,,,,
Functional,SieSie,Sierra Leone,Western,SL04,Western Area Rural,SL0401,Jui,Sierra Leone-China Friendship Hospital (Jui Hospital),Chinese CDC,,,Holding Centre,ETC,ETC is open,2,[Current beds 2 .Additional 30 beds planned to bring total beds to 32] - 31/10/14. The Chinese Government sent two airplanes carrying medical teams and a mobile laboratory to Sierra Leone on 17 September. The team includes 59 personnel; 29 medical experts from the Chinese Center for Disease Control and Prevention to run the medical laboratory and 30 doctors and nurses from 302 Military Hospital of China to run a holding centre at Sierra Leone-China Friendship Hospital.,05/11/2014,http://health.gov.sl/wp-content/uploads/2014/10/Ebola-Situation-Report_Vol-156.pdf; http://health.gov.sl/wp-content/uploads/2014/10/Ebola-Situation-Report_Vol-148.pdf; https://www.internationalsos.com/ebola/index.cfm?content_id=397&language_id=ENG; http://sl.china-embassy.org/eng/xwdt/t1192303.htm; http://health.gov.sl/wp-content/uploads/2014/09/Ebola-Update-September-18-2014.pdf,N/A,N/A,http://www.openstreetmap.org/node/3065142730,8.4092254,-13.1334013,town_centroid,,,,,,,,,,,,,,,,,,,,,,,,,,,,,,,
Functional,SieKer,Sierra Leone,Western,SL04,Western Area Rural,SL0401,Kerry Town,Kerry Town ETC,Save the Children,Cuba,,ETC,,ETC is planned with a Partner identified,100,"Open 05/11/14 Projected opening - Nov. Construction finished 27 Oct 2014 (UK build and set up). 100 beds for patients, plus 12 separate beds designated for staff. UK: Assistance in 3 ways: (1) UK Dept of Defense to provide 12 beds dedicated for staff-related cases. (2)  UKDFID to finance Save the Children for 50 beds (3) Currently in discussion re:  possibly financing IMC for other 50 beds. British military personnel will begin to survey and assess the site during week 37. Based near the capital Freetown. The UK government is working with Save the Children to design a long term plan to manage and operate the facility after it has been fully set up.",06/11/2014,http://www.mapaction.org/deployments/mapdetail/3610.html; http://blogs.savethechildren.org.uk/2014/11/sierra-leone-a-treatment-centre-for-a-country-stricken-by-ebola/; http://reliefweb.int/sites/reliefweb.int/files/resources/Regional%20Map.pdf; https://data.hdx.rwlabs.org/dataset/etc-overview-status; https://data.hdx.rwlabs.org/dataset/etc-overview-21-octoberWHO Foreign Medical Teams International Response; http://reliefweb.int/report/sierra-leone/uk-treatment-centre-tackle-ebola-sierra-leone,05/11/2014,-,http://www.openstreetmap.org/node/401475917,8.2693344,-13.0878517,town_centroid,,x,x,x,x,x,x,x,x,x,x,x,x,x,x,,,,,,,,,,,,,,,,
Functional,SieKer,Sierra Leone,Western,SL04,Western Area Rural,SL0401,Kerry Town,Kerry Town ETC - Section for care of Health Care Workers,UK MoD,Save the Children,,ETC,,ETC is planned with a Partner identified,12,"Open 05/11/14. Projected opening - Nov. Construction finished 27 Oct 2014 (UK build and set up). 100 beds for patients, plus 12 separate beds designated for staff. UK: Assistance in 3 ways: (1) UK Dept of Defense to provide 12 beds dedicated for staff-related cases. (2)  UKDFID to finance Save the Children for 50 beds (3) Currently in discussion re:  possibly financing IMC for other 50 beds. British military personnel will begin to survey and assess the site during week 37. Based near the capital Freetown. The UK government is working with Save the Children to design a long term plan to manage and operate the facility after it has been fully set up.",05/11/2014,http://blogs.savethechildren.org.uk/2014/11/sierra-leone-a-treatment-centre-for-a-country-stricken-by-ebola/; http://reliefweb.int/sites/reliefweb.int/files/resources/Regional%20Map.pdf; https://data.hdx.rwlabs.org/dataset/etc-overview-21-october,05/11/2014,-,http://www.openstreetmap.org/node/401475917,8.2693344,-13.0878517,town_centroid,,,,,,,,,,,,,,,,,,,,,,,,,,,,,,,
Functional,SieDfi,Sierra Leone,Western,SL04,Western Area Urban,SL0402,Lakka,Lakka Isolation Hospital,EMERGENCY Italian NGO,MOH Sierra Leone,,Holding Centre,ETC,ETC is open,22,"Holding Centre. Construction should be completed approx 05 Sept and will be operational on 14 Sept; EMERGENCY will provide staff, clinical management, & logistic support, & the MOH will provide nurses; Training carried out for staff on 5-6 Sept.",05/11/2014,http://health.gov.sl/wp-content/uploads/2014/10/Ebola-Situation-Report_Vol-156.pdf; http://health.gov.sl/wp-content/uploads/2014/10/Ebola-Situation-Report_Vol-148.pdf; https://data.hdx.rwlabs.org/dataset/etc-overview-21-october; http://health.gov.sl/wp-content/uploads/2014/10/Ebola-Situation-Report_Vol-130.pdf; WHO Foreign Medical Teams International Response; http://health.gov.sl/wp-content/uploads/2014/09/Ebola-Update-September-18-2014.pdf; http://reliefweb.int/report/sierra-leone/member-emergencys-medical-staff-sierra-leone-has-tested-positive-ebola-virus,18/09/2014,-,http://www.openstreetmap.org/node/2201774621#map=19/8.39737/-13.26355,8.3973667,-13.2635501,verified,,x,x,x,x,x,x,x,x,x,x,x,x,x,x,,,,,,,,,,,,,,,,
Functional,Sie34M,Sierra Leone,Western,SL04,Western Area Urban,SL0402,Freetown,34 Military Hospital,,,,Holding Centre,,,16,Please see: http://health.gov.sl/wp-content/uploads/2014/09/Ebola-Situation-Report_Vol-116.pdf,05/11/2014,http://health.gov.sl/wp-content/uploads/2014/10/Ebola-Situation-Report_Vol-156.pdf; http://health.gov.sl/wp-content/uploads/2014/10/Ebola-Situation-Report_Vol-148.pdf; http://health.gov.sl/wp-content/uploads/2014/09/Ebola-Situation-Report_Vol-116.pdf; http://health.gov.sl/wp-content/uploads/2014/10/Ebola-Situation-Report_Vol-130.pdf,?,?,http://www.openstreetmap.org/node/370496125#map=15/8.4741/-13.2653,8.4753631,-13.2635852,town_centroid,,,,,,,,,,,,,,,,,,,,,,,,8 (20/09/2014),67 (21/09/2014),,23 (20/09/2014),,26 (20/09/2014),,
Functional,SieCon,Sierra Leone,Western,SL04,Western Area Urban,SL0402,Freetown,Connaught Hospital,King's Health Partners UK,MOH Sierra Leone,,Holding Centre,,,20,"With assistance from a medical team from King's Health Partners, UK",05/11/2014,http://health.gov.sl/wp-content/uploads/2014/10/Ebola-Situation-Report_Vol-156.pdf; http://health.gov.sl/wp-content/uploads/2014/10/Ebola-Situation-Report_Vol-148.pdf; https://www.internationalsos.com/ebola/index.cfm?content_id=397&language_id=ENG; http://health.gov.sl/wp-content/uploads/2014/10/Ebola-Situation-Report_Vol-130.pdf,03/04/2014,-,http://www.openstreetmap.org/way/32975779,8.48823,-13.2384,verified,,,,,,,,,,,,,,,,,,,,,,,,,,,,,,,
Functional,SieMac,Sierra Leone,Western,SL04,Western Area Urban,SL0402,Freetown,Macauley Street Hospital,No Partner Identified,,,Holding Centre,,,9,Macauley Street Hospital is being renovated to act as an isolation unit.,05/11/2014,http://health.gov.sl/wp-content/uploads/2014/10/Ebola-Situation-Report_Vol-156.pdf; http://health.gov.sl/wp-content/uploads/2014/10/Ebola-Situation-Report_Vol-148.pdf; https://www.internationalsos.com/ebola/index.cfm?content_id=397&language_id=ENG; http://health.gov.sl/wp-content/uploads/2014/10/Ebola-Situation-Report_Vol-130.pdf,15/09/2014,N/A,http://www.openstreetmap.org/search?query=8.4790017%2C%20-13.2680158#map=11/8.4792/-13.2681,8.4790017,-13.2680158,town_centroid,,,,,,,,,,,,,,,,,,,,,,,,,,,,,,,
Functional,SiePCM,Sierra Leone,Western,SL04,Western Area Urban,SL0402,Freetown,PCMH (Princess Christian Maternity) Hospital,,,,Holding Centre,,,10,Open,05/11/2014,http://health.gov.sl/wp-content/uploads/2014/10/Ebola-Situation-Report_Vol-156.pdf; http://health.gov.sl/wp-content/uploads/2014/10/Ebola-Situation-Report_Vol-148.pdf; http://health.gov.sl/wp-content/uploads/2014/10/Ebola-Situation-Report_Vol-129.pdf,?,-,http://www.openstreetmap.org/search?query=PCMH#map=12/8.4902/-13.2189,8.4902,-13.2189,verified,,,,,,,,,,,,,,,,,,,,,,,,,,,,,,,
Functional,SieOla,Sierra Leone,Western,SL04,Western Area Urban,SL0402,Freetown,Ola During Children’s Hospital,Cap Anamur,,,Triage,,,," In Freetown, a new isolation unit focusing on paediatric cases will open at the Ola During Children’s Hospital, which will aim to provide children (suspected and confirmed cases) with the special care they require. (UNICEF)",05/11/2014,http://www.mapaction.org/deployments/mapdetail/3610.html; http://reliefweb.int/sites/reliefweb.int/files/resources/UNICEF%20Sierra%20Leone%20EVD%20Weekly%20SitRep%20-%2029%20Oct2014.pdf,,,http://www.openstreetmap.org/search?query=Ola%20During%20Children%27s%20Hospital#map=12/8.4900/-13.2187,8.49,-13.2187,verified,,,,,,,,,,,,,,,,,,,,,,,,,,,,,,,
Pending,SieLak,Sierra Leone,Western,SL04,Western Area Urban,SL0402,Freetown,Lakka 2,South Africa FMT,,,ETC,,ETC is planned with a Partner identified,40,No construction started yet (South African Build),06/11/2014,http://www.mapaction.org/deployments/mapdetail/3610.html; https://data.hdx.rwlabs.org/dataset/etc-overview-status; https://data.hdx.rwlabs.org/dataset/etc-overview-21-october,N/A,N/A,http://www.openstreetmap.org/search?query=8.4790017%2C%20-13.2680158#map=11/8.4792/-13.2681,8.4790017,-13.2680158,town_centroid,,,,,,,,,,,,,,,,,,,,,,,,,,,,,,,
Pending,SieGod,Sierra Leone,Western,SL04,Western Area Urban,SL0402,Freetown,Goderich,EMERGENCY,,,ETC,,ETC is planned with a Partner identified,100,Construction finished 31 Oct 2014 (UK Build). ,06/11/2014,http://www.mapaction.org/deployments/mapdetail/3610.html; https://data.hdx.rwlabs.org/dataset/etc-overview-status; https://data.hdx.rwlabs.org/dataset/etc-overview-21-october,N/A,N/A,http://www.openstreetmap.org/node/370327499#map=14/8.4329/-13.2889,8.4329664,-13.2888708,town_centroid,,,,,,,,,,,,,,,,,,,,,,,,,,,,,,,
Pending,SieAHS,Sierra Leone,Western,SL04,Western Area Rural,SL0401,,AHS - Waterloo Hospital,MOH Sierra Leone,MSF,,ETC,,,60,Planned,06/11/2014,http://www.mapaction.org/deployments/mapdetail/3610.html,N/A,N/A,http://www.openstreetmap.org/node/2132436578,8.3389767,-13.0695732,town_centroid,,,,,,,,,,,,,,,,,,,,,,,,,,,,,,,
Pending,SieHas3,Sierra Leone,Western,SL04,Western Area Rural,SL0401,,Hastings 2,,,,ETC,,,100,Planned,06/11/2014,http://www.mapaction.org/deployments/mapdetail/3610.html,N/A,N/A,http://www.openstreetmap.org/search?query=8.4790017%2C%20-13.2680158#map=11/8.4792/-13.2681,8.4790017,-13.2680158,town_centroid,,,,,,,,,,,,,,,,,,,,,,,,,,,,,,,
Pending,SieHas2,Sierra Leone,Western,SL04,Western Area Rural,SL0401,Freetown,Hastings,RSLAF,Kings,,ETC,,ETC is planned with a Partner identified,100,Construction finished 31 Oct (UK build),06/11/2014,http://www.mapaction.org/deployments/mapdetail/3610.html; https://data.hdx.rwlabs.org/dataset/etc-overview-status; https://data.hdx.rwlabs.org/dataset/etc-overview-21-october,N/A,N/A,http://www.openstreetmap.org/search?query=8.4790017%2C%20-13.2680158#map=11/8.4792/-13.2681,8.4790017,-13.2680158,town_centroid,,,,,,,,,,,,,,,,,,,,,,,,,,,,,,,
Pending,MalCNA,Mali,Bamako Capital District,,Bamako,,,Centre pour le Développement des Vaccins (CVD-Mali),,,,Triage,,No Information,TBC,Preparation. Establishment of isolation wards,05/11/2014,http://reliefweb.int/sites/reliefweb.int/files/resources/Ebola%20Sitrep%20Hebdomadaire%20OMS%20Mali.pdf,N/A,N/A,http://www.openstreetmap.org/search?query=12.6500083%2C%20-8.0000014#map=19/12.65001/-8.00000,12.6500083,-8.0000014,town_centroid,,,,,,,,,,,,,,,,,,,,,,,,,,,,,,,
Pending,NigAgb,Nigeria,Delta,NGA010,,,,Agbor Central Hsopital,MOH Nigeria,,,Triage,,No Information,TBC,Identified to be isolation centres for Ebola cases,25/09/2014,https://www.internationalsos.com/ebola/index.cfm?content_id=418&language_id=ENG,N/A,N/A,http://www.openstreetmap.org/search?query=6.264399%2C%206.147732#map=8/6.266/6.147,6.264399,6.147732,town_centroid,,,,,,,,,,,,,,,,,,,,,,,,,,,,,,,
Pending,NigDel,Nigeria,Delta,NGA010,,,,Delta State University Teaching Hospital Oghara,MOH Nigeria,,,Triage,,No Information,TBC,Identified to be isolation centres for Ebola cases,25/09/2014,https://www.internationalsos.com/ebola/index.cfm?content_id=418&language_id=ENG,N/A,N/A,http://www.openstreetmap.org/search?query=5.483333%2C%206.1#map=19/5.48333/6.10000,5.483333,6.1,town_centroid,,,,,,,,,,,,,,,,,,,,,,,,,,,,,,,
Pending,NigEku,Nigeria,Delta,NGA010,,,,Eku Baptist Government Hospital,MOH Nigeria,,,Triage,,No Information,TBC,Identified to be isolation centres for Ebola cases,25/09/2014,https://www.internationalsos.com/ebola/index.cfm?content_id=418&language_id=ENG,N/A,N/A,http://www.openstreetmap.org/search?query=5.7439387%2C%205.9904916#map=7/5.747/5.988,5.7439387,5.9904916,county_centroid,,,,,,,,,,,,,,,,,,,,,,,,,,,,,,,
Pending,NigOlh,Nigeria,Delta,NGA010,,,,Oleh Central Hospital,MOH Nigeria,,,Triage,,No Information,TBC,Identified to be isolation centres for Ebola cases,25/09/2014,https://www.internationalsos.com/ebola/index.cfm?content_id=418&language_id=ENG,N/A,N/A,http://www.openstreetmap.org/search?query=5.483333%2C%206.183333#map=19/5.48333/6.18333,5.483333,6.183333,town_centroid,,,,,,,,,,,,,,,,,,,,,,,,,,,,,,,
Pending,NigSap,Nigeria,Delta,NGA010,,,,Sapele Central Hospital,MOH Nigeria,,,Triage,,No Information,TBC,Identified to be isolation centres for Ebola cases,25/09/2014,https://www.internationalsos.com/ebola/index.cfm?content_id=418&language_id=ENG,N/A,N/A,http://www.openstreetmap.org/search?query=5.894053%2C%205.67666#map=19/5.89405/5.67666,5.894053,5.67666,town_centroid,,,,,,,,,,,,,,,,,,,,,,,,,,,,,,,
Pending,NigUgh,Nigeria,Delta,NGA010,,,,Ughelli Central Hospital,MOH Nigeria,,,Triage,,No Information,TBC,Identified to be isolation centres for Ebola cases,25/09/2014,https://www.internationalsos.com/ebola/index.cfm?content_id=418&language_id=ENG,N/A,N/A,http://www.openstreetmap.org/search?query=5.4941876%2C%205.9953209#map=19/5.49419/5.99532,5.4941876,5.9953209,town_centroid,,,,,,,,,,,,,,,,,,,,,,,,,,,,,,,
Pending,NigWar,Nigeria,Delta,NGA010,,,,Warri Central Hospitals,MOH Nigeria,,,Triage,,No Information,TBC,Identified to be isolation centres for Ebola cases,25/09/2014,https://www.internationalsos.com/ebola/index.cfm?content_id=418&language_id=ENG,N/A,N/A,http://www.openstreetmap.org/search?query=5.517%2C%205.75#map=13/5.5171/5.7500,5.517,5.75,town_centroid,,,,,,,,,,,,,,,,,,,,,,,,,,,,,,,
Functional,NigMai,Nigeria,Lagos,NGA025,,,Yaba,Mainland Hospital MDR Ward,MOH Nigeria,WHO,,ETC,Triage,Sufficient,40,"Hospital, ETU and Isolation Unit.Treatment centre: 40; Isolation ward: 8; Suspected cases tents: 48. Lagos State Government said that it has set up a 40-bed complex with male and female wards for management of confirmed cases of Ebola Virus Disease as well as an eight-bed isolation ward to hold suspected cases backed up by two emergency tent to hold 24 more suspected cases of the disease following the guidance from the Nigeria Centre for Disease Control (CDC) and other supporting partners.",25/09/2014,https://www.internationalsos.com/ebola/index.cfm?content_id=418&language_id=ENG https://www.premiumtimesng.com/news/166795-ebola-lagos-to-reopen-first-consultant-hospital-soon.html#sthash.tIrW69Ng.dpbs; WHO Dta,04/08/2014,-,http://www.openstreetmap.org/node/501513526#map=15/6.5216/3.3811,6.497892,3.382923,town_centroid,"9 Doctors, 14 Nurses and 16 IPC staff",,2,,,7,,7,,1 (06/09/14),,,5 (06/09/14),,9 (06/09/14),,,,,,,11 (14/09/14),,,,,,,,,
Closed,NigFir,Nigeria,Lagos,NGA025,,,Obalende,First Consultant Hospital,MOH Nigeria,,,Hospital,,No Information,0,Hospital where first patient with Ebola in Nigeria was treated,29/08/2014,https://www.internationalsos.com/ebola/index.cfm?content_id=418&language_id=ENG http://www.reuters.com/article/2014/07/28/us-health-ebola-nigeria-idUSKBN0FX15420140728,20/08/2014,28/07/2014,http://www.openstreetmap.org/node/501505439#map=18/6.44726/3.41127,6.4485325,3.4108534,town_centroid,,x,x,1,0,1,0,0,x,x,1,0,1,0,0,x,x,1,0,1,0,0,,,,,,,,,
Pending,NigMin,Nigeria,Niger,NGA027,,,Minna,Minna Quarantine Centre,MOH Nigeria,,,Triage,,No Information,TBC,A quarantine centre is being established,25/09/2014,https://www.internationalsos.com/ebola/index.cfm?content_id=418&language_id=ENG,N/A,N/A,http://www.openstreetmap.org/node/625740529#map=12/9.6279/6.5571,9.6187093,6.5475752,town_centroid,,x,x,x,x,x,x,x,x,x,x,x,x,x,x,,,,,,,,,,,,,,,,
Functional,NigOdu,Nigeria,Rivers,NGA033,,,"Oduoha, Emohua Local Government Area","Port Harcourt (PHC Emuoha, Obiakpor LGA)",MOH Nigeria,WHO,,Triage,,No Information,26,"An isolation unit has been established at Oduoha, Emohua. The centre currently has 26 beds ""with plans for possible expansion"" announced on 3 September",25/09/2014,https://www.internationalsos.com/ebola/index.cfm?content_id=418&language_id=ENG; WHO Data,29/08/2014,-,http://www.openstreetmap.org/node/501512993#map=12/4.7927/6.8871,4.8178445,6.9119515,town_centroid,,,3,3,1,1,0,0,,2 (06/09/14),,,2 (06/09/14),,0,,1 (14/09/14),,,,,1 (14/09/14),,,,,,,,,
Functional,SenCen,Senegal,Dakar,SEN001,Dakar,SEN001001,,Central Hospital of University of Fann (Dakar (Clinique des Maladies Infectieuses/CHU Fann),MOH Senegal,MSF,,Hospital,,Sufficient,9,First case of Ebola in Senegal. Student presented himself to hospital. Placed in isolation in the infectious disease ward of Fann Hospital.Open ( beds within existing hospital) – is also the only triage point in Senegal at the moment.,25/09/2014,https://www.internationalsos.com/ebola/index.cfm?content_id=434&language_id=ENG http://www.who.int/csr/don/2014_08_30_ebola/en/; WHO Data,26/08/2014,-,http://www.openstreetmap.org/way/44213911#map=17/14.69287/-17.46638,14.69287,-17.46639,verified,,0,1,1,0,0,0,0,0,1,1,0,0,0,0,0,1,1,0,0,0,0,,,,,,,,,
Pending,SenCen2,Senegal,Dakar,SEN001,Dakar,SEN001001,,Central Hospital of University of Fann (Dakar (Clinique des Maladies Infectieuses/CHU Fann),MOH Senegal,MSF,,ETC,,Sufficient,TBC,Preparation. Will be a tent set up as a separate structure near the Clinique des Maladies Infectieuses/CHU Fann to become the ETU and handle any cases from the Clinque.,25/09/2014,WHO Data,N/A,N/A,http://www.openstreetmap.org/way/44213911#map=17/14.69287/-17.46639,14.69287,-17.46639,verified,,x,x,x,x,x,x,x,x,x,x,x,x,x,x,,,,,,,,,,,,,,,,
Functional,TogUni,Togo,Maratime,,Lomé,,,University Hospital of Lomé,,,,Triage,,No Information,TBC,"Preparation. The WHO has classified Togo as a ‘border country’ of epidemic - affected countries because of the air traffic with Asky Airlines, whose hub is based in Lomé. As a result an isolation centre has been set up. In addition, many people travel by bus to / through Togo from Nigeria, but also Guinea, Liberia and Sierra Leone. Five other sites are identified in the other 5 regions. But not yet equipped. The health staff were trained. ",03/09/2014,http://reliefweb.int/sites/reliefweb.int/files/resources/UNICEF_Togo_Ebola_sitrep_29_Aug_2014.pdf,18/08/2014,-,http://www.openstreetmap.org/node/2195276463#map=19/6.12586/1.22485,6.12586,1.22485,town_centroid,,0,0,2,0,0,0,2,,,,,,,,,,,,,,,,,,,,,,,